,life cycle,rez_1.0,rez_345.44827586206895,rez_689.8965517241379,rez_1034.344827586207,rez_1378.7931034482758,rez_1723.2413793103447,rez_2067.689655172414,rez_2412.137931034483,rez_2756.5862068965516,rez_3101.0344827586205,rez_3445.4827586206893,rez_3789.9310344827586,rez_4134.379310344828,rez_4478.827586206897,rez_4823.275862068966,rez_5167.724137931034,rez_5512.172413793103,rez_5856.620689655172,rez_6201.068965517241,rez_6545.51724137931,rez_6889.965517241379,rez_7234.413793103448,rez_7578.862068965517,rez_7923.310344827586,rez_8267.758620689656,rez_8612.206896551725,rez_8956.655172413793,rez_9301.103448275862,rez_9645.551724137931,rez_9990.0,imz_1.0,imz_345.44827586206895,imz_689.8965517241379,imz_1034.344827586207,imz_1378.7931034482758,imz_1723.2413793103447,imz_2067.689655172414,imz_2412.137931034483,imz_2756.5862068965516,imz_3101.0344827586205,imz_3445.4827586206893,imz_3789.9310344827586,imz_4134.379310344828,imz_4478.827586206897,imz_4823.275862068966,imz_5167.724137931034,imz_5512.172413793103,imz_5856.620689655172,imz_6201.068965517241,imz_6545.51724137931,imz_6889.965517241379,imz_7234.413793103448,imz_7578.862068965517,imz_7923.310344827586,imz_8267.758620689656,imz_8612.206896551725,imz_8956.655172413793,imz_9301.103448275862,imz_9645.551724137931,imz_9990.0
0,210.0,20.70489175649169,13.130035222086198,12.20526420571156,11.702620320698545,11.349715166021813,11.068726802864177,10.830133503648783,10.623378618990463,10.441037863174031,10.277215709607518,10.126476731360945,9.986458286847816,9.85608854387822,9.734300120469614,9.620038860460468,9.512520313388425,9.411211861249404,9.315590531942933,9.225133353368552,9.139317353425781,9.05761956001417,8.979517001033237,8.90448670438252,8.83200569796155,8.761551009669862,8.692599667406986,8.624628699072456,8.557115132565801,8.489535995786557,8.421368316634256,2.3405244178223983,2.287265950916531,2.145364133170876,2.120018470605575,2.1231419417662765,2.137942695423494,2.159439553489157,2.182457582364518,2.204607705296189,2.224939924219421,2.242645239274549,2.2578009025794095,2.2708564611740196,2.282262745626083,2.292453297051027,2.301509083834827,2.3091818664251305,2.315210795663725,2.3193350223923956,2.3212936974529286,2.320825971687111,2.3176709959367288,2.311567921043568,2.302255897849414,2.2894740771960542,2.2729616099252743,2.2524576468788613,2.2277013388985996,2.198431836826277,2.1643882915036796
1,190.0,20.34206055193867,13.030370284305462,12.178966115493706,11.733725732035506,11.421452848235804,11.17501540445242,10.970153937696224,10.792267017088559,10.633022577564818,10.487280098125074,10.350359676068761,10.220562833508158,10.097443523406877,9.980560016621633,9.869466717802304,9.763639190518168,9.662479382010801,9.565386419805815,9.471759431428822,9.380997544405433,9.292499886261265,9.205665584521926,9.119893766713034,9.034583560360193,8.949134092989024,8.862944492125134,8.775413885294139,8.685941400021651,8.593926163833281,8.498767304254642,2.3041016919126314,2.142289032095329,1.9796027601041926,1.9383567888566002,1.9429531458532596,1.9663968952484459,1.9981285593376703,2.0332090781183316,2.069119855116835,2.1045656711195826,2.138366376315701,2.1700623022961225,2.1994964390088003,2.226512819849658,2.250963317863147,2.2728596750261794,2.2923629078263184,2.309639750391944,2.324856936851433,2.338181201333165,2.349779277965519,2.3598179008768723,2.368463804195604,2.3758837220500926,2.382244388568717,2.387712537879855,2.392454904111886,2.396638221393188,2.40042922385214,2.4039946456171197
2,211.0,20.54411812989728,13.302551652815499,12.348509387047617,11.828142308358773,11.455944069613077,11.166262638281081,10.929376831772727,10.723714606612814,10.538976445901415,10.370644244227108,10.214581398844915,10.068941503196012,9.932840211661949,9.805396495435186,9.685730924402646,9.572996669603874,9.466377342771473,9.365057721603682,9.268222583798739,9.175056707054878,9.084744869070342,8.996471847543367,8.909422420172188,8.822781364655043,8.73573345869017,8.64746347997581,8.557156206210198,8.463996415091568,8.367168884318163,8.265858391588218,2.2192941278515725,2.307326005075618,2.201448091668006,2.1739690547228263,2.1814874057584634,2.201691318141199,2.2261525819517067,2.251839586611131,2.2773366727475457,2.302037277186667,2.3253816064392248,2.347084902107281,2.3669779419728085,2.3848919021414687,2.4006661869098505,2.414307992803373,2.4259811890822105,2.435855646020498,2.4441012338923707,2.450887822971963,2.456385283533412,2.460763485850852,2.4641923001984196,2.466841596850247,2.468881246080473,2.470481118163231,2.4718110833726574,2.4730410119828865,2.4743407742680548,2.4758802405022964
3,203.0,22.332457785718173,13.869265320776405,12.396812703272698,11.618370804842984,11.112445739860048,10.739686700442158,10.442879532801427,10.193184450886779,9.97646005667806,9.786020771587683,9.615612120675427,9.461514908535571,9.32107495481562,9.191641750919608,9.07061991189729,8.956538154008491,8.84897480118524,8.747548380336205,8.651877418370063,8.561580442195481,8.476275978721135,8.395582554855695,8.319118697507836,8.246502933586227,8.17735378999954,8.11128979365645,8.047929471465627,7.986891350335744,7.927793957175473,7.870255818893485,2.383294973191748,3.1859139589447167,3.012183032510691,2.8580050092725235,2.7537915949460157,2.6824576797487496,2.630450238682539,2.5895718086921753,2.556127285720397,2.528720938192409,2.5060001094936744,2.4867767272749113,2.46993185740912,2.4543468041309264,2.4389250964689824,2.4230234794453573,2.4064218797134473,2.388916432993802,2.3703032750069677,2.3503785414734932,2.3289383681139277,2.3057788906488184,2.2806962447987136,2.2534865662841606,2.2239459908257087,2.191870654143906,2.1570566919593,2.119300239992439,2.0783974339638718,2.0341444095941457
4,170.0,21.90410925478869,13.783943201830578,12.450175779795712,11.762949907958284,11.305263265243546,10.963026705841138,10.68817757839888,10.451205281456357,10.239284606481682,10.048117671359837,9.873686297966493,9.713406575829922,9.56529709870704,9.427378537554366,9.297715716700848,9.175273851926727,9.059858882042182,8.951308947954635,8.849462190571511,8.75415675080024,8.665230769548247,8.582522387722955,8.505869746231793,8.435110985982185,8.370084247881557,8.310627672837338,8.256579401756952,8.207777575547823,8.16406033511738,8.125265821373048,2.3564933268580064,2.9973985235144522,2.7930721869807194,2.6884015043116163,2.6107929562429004,2.569212658611092,2.559848988503359,2.5575523126636326,2.554587244785713,2.5523077129151224,2.551907521155023,2.552961832712707,2.5543658554309903,2.5550124529317895,2.5538279330954294,2.550420611148645,2.5450356134316907,2.5379424579723087,2.529410662798238,2.5197097459372197,2.509109225416997,2.4978786192653093,2.4862874455098978,2.474605222178503,2.4631014672988667,2.45204569889873,2.4417074350058336,2.432356193647918,2.4242614928527253,2.4176928506479953
5,204.0,21.56381002103685,13.409698750333542,11.99450180779497,11.263589549575164,10.779457272365253,10.422469853603339,10.142329943611037,9.91194115462712,9.71587772675666,9.544630748958891,9.389490229683261,9.246895544516978,9.115449204686431,8.993761179066027,8.880462145860164,8.774605095379085,8.675637343659545,8.583021310541746,8.496219415865893,8.414694079472186,8.337907721200835,8.265322760892037,8.196401618385998,8.130606713522921,8.067400466143008,8.006245296086465,7.946603623193493,7.887937867304294,7.829710448259075,7.771383785898037,2.209682095310343,3.119440648399009,2.8957419770210118,2.717747514687409,2.6097247837341735,2.5353125290086576,2.47624141278495,2.430772560601209,2.3963783425417375,2.3700469762849146,2.3489194863813765,2.331214044263202,2.3156013070263493,2.300753491760866,2.285385037683405,2.2690713928025636,2.2521919553635863,2.235156917205786,2.2183764701684754,2.2022608060909667,2.1872201168125747,2.173664594172611,2.162004430010389,2.1526498161652214,2.146010944476422,2.1424980067833026,2.142521194925177,2.1464907007413574,2.1548167160711573,2.16790943275389
6,166.0,21.337601163605754,12.545342477528937,11.293197057592236,10.636875747027629,10.213187629904075,9.896968058625848,9.638205512760933,9.416773187919443,9.222159108331816,9.048675738293849,8.891050931722313,8.746590111317477,8.61368147961424,8.49071697215007,8.376116916807504,8.268880628381705,8.168548039452194,8.074679789806282,7.986836519231275,7.904578867514481,7.827467474443211,7.755062979804771,7.686926023386469,7.622617244975614,7.561697284359514,7.503726781325479,7.448266375660816,7.394876707152831,7.343118415588836,7.292552140756135,2.8224355159724763,2.8541698784408194,2.6275706214364956,2.492164348422709,2.4098331153395343,2.3566668664665715,2.3221896571413545,2.3002200131653763,2.285785777351718,2.2745190983852392,2.262498267834795,2.248831278493427,2.233898833861889,2.2180860252510683,2.2017740026542514,2.1852635432985257,2.1687803779015784,2.1525473626850857,2.136787353870724,2.1217232076801698,2.1075777803351,2.094573928057191,2.0829345070681193,2.0728823735895614,2.064640383843194,2.0584313940506935,2.054478260433737,2.0530038392140004,2.0542309866131605,2.058382558852894
7,168.0,22.113384408390836,13.65253984743714,12.411190219308843,11.778032271115357,11.363266382034636,11.04716719820828,10.785184203232477,10.559151359637882,10.359845318003188,10.182536478349261,10.022749922546044,9.877503405967374,9.744441723226563,9.621211830723654,9.505516439841708,9.39619523763081,9.293149540087379,9.19632132663367,9.105652576691943,9.021085269684447,8.942561385033446,8.870022902161194,8.803411800489947,8.742670059441958,8.687739658439487,8.638562576904787,8.595080794260117,8.557236289927733,8.52497104332989,8.498227033888845,2.582803105477794,2.8797555079743553,2.620899384025559,2.479361734745376,2.412204677166364,2.373541974452396,2.346180622062729,2.3263738541325854,2.3115223104999796,2.2995563662375336,2.288565999077998,2.2777071291362856,2.266583455427994,2.2548002207357256,2.2419720469179536,2.2279048173216784,2.2125830019940613,2.195997911363797,2.178140855859577,2.1590031459100953,2.1385760919440466,2.1168510043901216,2.0938191936770156,2.0694719702334208,2.043800644488031,2.0167965268695394,1.9884509278066387,1.9587551577280227,1.927700527062385,1.895278346238418
8,98.0,22.288275451545463,14.51338837293109,13.250360397887569,12.542163299886138,12.054232495229815,11.684438442714798,11.388876663830548,11.141961573734143,10.9301743369645,10.746140191776954,10.58295820548194,10.436631054629935,10.304381158015717,10.183435139629601,10.071075962130225,9.965735466564018,9.866918236858089,9.774169946060864,9.687036267220769,9.605062873386228,9.527795437605672,9.45477963292752,9.385561132400204,9.319685609072145,9.256698735991773,9.196146186207512,9.13757363276779,9.080526748721027,9.024551207115655,8.969192681000097,2.554828307689999,2.7757049563752236,2.7051971517046223,2.641005694687886,2.586410464915128,2.541234712720768,2.504476734560541,2.4731059820234873,2.4458349967580064,2.422285622916946,2.402045304004712,2.3844133040291116,2.3685678291430885,2.3536866681393165,2.3389747595287367,2.324190688642166,2.309609997775356,2.295528030154765,2.28224012900685,2.2700416375580694,2.259227899034882,2.250094256663746,2.24293605367112,2.23804863328346,2.2357273387272265,2.2362675132288774,2.239964500014871,2.2471136423116636,2.2580102833457154,2.2729497663434843
9,188.0,21.925732604125088,14.151867216285625,13.041581612352095,12.430083029006816,12.006179124150707,11.685678164623218,11.426588714367524,11.202910634049154,11.003324043739303,10.824013178110462,10.661365431487734,10.512735155578358,10.37588289957341,10.248570613074461,10.128603470036833,10.01466809098382,9.90627413005181,9.802962765919165,9.704275177264256,9.609752542765436,9.518936041101085,9.431366850949559,9.346586150989229,9.26413511989845,9.183554936355595,9.10438677903903,9.026171826627117,8.94845125779822,8.870766251230709,8.792657985602942,2.4533279574333164,2.5970583756760015,2.4700324410001513,2.4189646859076417,2.39317583378374,2.382620295666128,2.3833766116412964,2.3886220810782706,2.395325960848328,2.4024285837178243,2.409008567717504,2.4149817799549838,2.420615797421558,2.4261794096670264,2.4319237453221207,2.4377397852037124,2.443182229102411,2.4477928962834596,2.4511136060120995,2.4526861775535727,2.452052430173124,2.4487541831359945,2.4423332557074273,2.432331467152664,2.4182906367369483,2.399752583725523,2.3762591273836295,2.347352086976511,2.312573281769411,2.27146453102757
10,165.0,22.15295796281449,14.656496730793718,13.334819071168791,12.610374422321739,12.119564352527386,11.75612220137157,11.47117201964763,11.232049848890513,11.02405088359068,10.841666108210548,10.679697643766543,10.534559603816927,10.403343264457412,10.28314223637602,10.171104050535087,10.065475799523965,9.965531270245167,9.870583574930652,9.779945825812375,9.692931135122285,9.608852615092346,9.527023377954507,9.446756535940725,9.367365201282956,9.288162486213157,9.208461502963283,9.127575363765288,9.044817180851126,8.959500066452758,8.870937132802133,2.2963626955435092,2.865936248484518,2.7738963566102295,2.6822870424770775,2.6038416066689987,2.5475415108754302,2.510093618447651,2.4799566351851117,2.4535892494146614,2.431618479567217,2.414512236103443,2.4014076884443996,2.390882991030796,2.3815143710377153,2.3719149112787163,2.3614492680030814,2.3501838645583737,2.338212003979689,2.3256269893021226,2.312522123560771,2.2989907097907305,2.2851260510270968,2.271021450304966,2.256770210659434,2.2424656351255976,2.228201026738552,2.2140696885333946,2.20016492354522,2.1865800348091256,2.173408325360206
11,89.0,22.71773755656008,14.60746921984797,13.443902143891851,12.791000152901782,12.326290636572677,11.96674607660703,11.676222077939505,11.42767214863022,11.20816803622962,11.012027559269816,10.833981764783614,10.671186183052923,10.521814816335404,10.384045178182866,10.256080949194367,10.136659417807977,10.025016118417515,9.920405669662332,9.822082690181771,9.729301798615177,9.641317613601908,9.557384753781303,9.476757837792714,9.398691484275485,9.322440311868966,9.247258939212504,9.172401984945449,9.097124067707142,9.020679806136938,8.942323818874181,2.806378808253248,2.6353463697993,2.5823145884542327,2.5503036299646684,2.53357099431627,2.5231855796628975,2.514994034006477,2.50792183557475,2.501307599837185,2.49468888647741,2.4876461045594707,2.4800426042638097,2.471860593097659,2.463082688341953,2.453685608405012,2.4435257797629726,2.4323473086366634,2.4198899990597975,2.405893655066088,2.390098080689247,2.3722430799629888,2.352068456921026,2.3293140155970713,2.3037195600248386,2.2750248942380407,2.2429698222703904,2.2072941481556017,2.1677376759273863,2.1240402096194586,2.0759415532655314
12,141.0,23.55118625654012,14.984325813897776,13.92300464841619,13.331706582829726,12.910274040944362,12.57912283782988,12.304891917791286,12.069306027162789,11.861606370661677,11.674844227783566,11.502651482809089,11.342430226342353,11.193166329566164,11.053851123921048,10.923485068750063,10.801254762867446,10.686520609203395,10.578649667882981,10.477008999031275,10.380965662773342,10.289886719234255,10.203139228539087,10.120090250812904,10.040106846180773,9.962556074767772,9.886804996698965,9.812220672099425,9.73817016109422,9.664020523808423,9.5891388203671,2.93165293156364,2.5368842175335864,2.4355873412375355,2.4016537263645725,2.398473631621382,2.407535757959419,2.4212565600280556,2.43627129667234,2.450472616459031,2.4623826432755678,2.4707203212048174,2.475520460404756,2.4773706373689715,2.476860334313787,2.4745733878589187,2.470978507587451,2.466436905448056,2.461305675922473,2.4559419134924387,2.4507027126396888,2.4459451678459634,2.4420263735929972,2.4393034243625302,2.4381334146362974,2.4388734388960374,2.441880591623487,2.4475119673003842,2.4561246604084648,2.468075765429468,2.48372237684513
13,151.0,21.169408409178295,13.21100898690262,12.07676543043876,11.453670656804176,11.019756651887132,10.68901392510445,10.423195996834913,10.198124824762024,10.001803131348453,9.828456361879821,9.672712688786245,9.531611061726737,9.403203144739061,9.285544093305191,9.176719985939718,9.0754474947607,8.981032096415806,8.892801820450696,8.810084696411021,8.732208753842434,8.658502022290591,8.58829253130115,8.52090831041976,8.455677389192076,8.391927797163754,8.328987563880451,8.266184718887818,8.202847291731509,8.13830331195718,8.071880809110487,2.8399388726588057,2.557558489286728,2.4623661519715223,2.3887442588954255,2.3417708978032503,2.3113695498153435,2.289334633919104,2.2706745655549976,2.25362594570029,2.23807693667457,2.223880419551928,2.2105526748047852,2.19746858441169,2.1840025428643326,2.1695555965502824,2.154072286903819,2.138004633303132,2.1218240929834953,2.1060021231801827,2.0910101811284667,2.0773197240636216,2.065402209220922,2.055729093835641,2.048771835143052,2.045001890378429,2.0448907167770463,2.0489097715741766,2.057530512005094,2.0712243953050726,2.090462878709386
14,130.0,21.821985711743327,13.65066584570441,12.417608683804792,11.74393885091306,11.276762580525471,10.924685168495234,10.646076292579458,10.410858614317611,10.205373922973386,10.024386463638095,9.862949686784658,9.717622554699208,9.585596461998144,9.464064983677863,9.35028787909768,9.24287456294979,9.141694664379994,9.04666608235298,8.957706715833444,8.874734463786071,8.79766722517556,8.7264228989666,8.660919384123883,8.601074579612094,8.546806384395934,8.498032697440092,8.454671417709257,8.41664044416812,8.383857675781378,8.356241011513719,2.81760305016692,2.73088565146495,2.6394565360326436,2.560472358593028,2.496296938745276,2.449632341137354,2.418579403110865,2.393534920703343,2.371092991459536,2.351082889859612,2.333317677042476,2.317314372610019,2.3024656356393813,2.288163696461112,2.273815083484235,2.2591178966765426,2.244042485285824,2.228569626486164,2.2126800974516487,2.196354675356361,2.179574137374388,2.162319260679813,2.144570822446722,2.126309599849199,2.1075163700613304,2.0881719102572007,2.068256997610894,2.0477524092964963,2.026638922488092,2.004897314359766
15,162.0,22.268453737942078,13.949981748288453,12.741275270834588,12.071475356384035,11.607148850283878,11.25297502869008,10.969320231820143,10.73185753110401,10.527286838727079,10.34792932020479,10.186686115683168,10.040120849690823,9.90633567572194,9.783438051518518,9.669561095196094,9.5633612004367,9.463983359319316,9.370591278639358,9.28234866519223,9.198419225773343,9.117966667178116,9.040154696201949,8.964147019640256,8.889107344288446,8.814199376941932,8.738586824396123,8.661433393446432,8.581902790888263,8.499158723517029,8.412364898128143,2.746089574248246,2.6982763849140743,2.6158097460969585,2.544414343391668,2.494417080436557,2.4513421779653073,2.413311721890855,2.386381237885017,2.3688252047439384,2.354864260244459,2.3393250215168506,2.321427513378712,2.302237334383548,2.2828264459032894,2.264233893596749,2.2468274940618467,2.2303483167977527,2.2145134250967087,2.1990398822509554,2.183644751552732,2.1680450962942825,2.1519579797678454,2.135100465265662,2.1171896160799726,2.0979424955030193,2.0770761668270423,2.0543076933442825,2.0293541383469806,2.0019325651273774,1.9717600369777137
16,161.0,21.970277561905498,13.741378941087133,12.732648024986759,12.18441841663437,11.813377613747706,11.525606767296457,11.284547738182834,11.076802481411022,10.894245179615833,10.73136393098556,10.583041820452504,10.446725561866772,10.320938793082785,10.204208864768905,10.095091168052933,9.992712905196724,9.896735196002643,9.806839610842337,9.722707720087444,9.644021094109602,9.570461303280462,9.501709917971658,9.437448508554834,9.37735864540163,9.321121898883689,9.268419839372653,9.218934037240162,9.172346062857859,9.128337486597383,9.086589878830377,2.7002078020744373,2.4241456714125578,2.258086215202601,2.177149684242232,2.149583518470065,2.141009949839324,2.135694688208104,2.1331833092652213,2.132610840330912,2.1328292253544907,2.132770763980484,2.1319358151607752,2.1300633670418727,2.1268932304706762,2.122182209492804,2.1160336395741393,2.1088744231637757,2.1011438562519507,2.093281234828901,2.0857258548848643,2.078917012410078,2.0732940033947784,2.069296123829204,2.0673626697035905,2.0679329370081763,2.071446221733198,2.0783418198688937,2.0890590274054994,2.104037140333253,2.123715454642391
17,33.0,25.71029808494678,16.606620395022393,15.345361584283898,14.593629234954228,14.056163182947957,13.635592854420473,13.286571917830857,12.986030704165257,12.721787333287814,12.487176942888155,12.27593514511442,12.084233143699217,11.909265280717749,11.748229425627178,11.598384848090273,11.458242912846465,11.32748410409437,11.205833686652602,11.093016925339771,10.988759084974488,10.892785430375374,10.804821226361032,10.724591737750082,10.651822229361127,10.586237966012792,10.527564212523682,10.475526233712412,10.429849294397592,10.390258659397837,10.356479593531759,3.121795487853929,2.887372140793381,2.8966003935099827,2.8907723993425547,2.8997775456465664,2.909234386288297,2.910950832841692,2.909363684477325,2.9056489624139914,2.899240538594734,2.8896638099392953,2.877172238565537,2.8623251307340185,2.845682847136618,2.827796338428446,2.809024662410282,2.7895477006571885,2.769538471782178,2.749169994398267,2.728615287118468,2.7080473685557984,2.68763925732327,2.6675639720339,2.6479945313007005,2.6291039537366876,2.6110652579548757,2.5940514625682796,2.5782355861899133,2.563790647432792,2.550889664909929
18,59.0,25.23897528477309,16.373452388898354,14.932971037781297,14.062253447891607,13.463593855555075,13.006371221431625,12.629494929249377,12.308784298808483,12.029792786512973,11.782927172148081,11.559342169815544,11.355052397326991,11.168114010927145,10.996590205288992,10.838560756978517,10.692443586487354,10.556972349630184,10.430892795787837,10.312950674341147,10.201891734670944,10.09646172615806,9.995406398183325,9.897471500127573,9.801402781371628,9.705945991296332,9.60984687928251,9.511851194710994,9.410704686962617,9.30515310541821,9.193942199458602,3.2167987548930017,3.1460955646649245,3.206985778253442,3.194199693028193,3.1742328015927246,3.1597070201353388,3.14876586755652,3.136336123038082,3.12122190748872,3.1042439655649576,3.086161784897904,3.067199005493178,3.0473541695793482,3.0266250433356423,3.005017673497302,2.9827069668760564,2.960025500100396,2.9373118890038685,2.914904749420021,2.8931426971823995,2.872364348124552,2.8529083180800248,2.835113222882365,2.8193176783651195,2.805860300361835,2.795079704706059,2.787314507231339,2.78290332377122,2.7821847701592506,2.785497462228977
19,102.0,24.98305563451835,16.218506943161525,14.715982068734027,13.858601676122396,13.253585249809554,12.794338726693537,12.431876759286808,12.129436703189068,11.868843247629686,11.641459738712179,11.439244055738776,11.257692922557402,11.093789653611182,10.94452268852782,10.806930535156223,10.679072710520296,10.55996207913071,10.448648021434275,10.344179917877808,10.245607148908121,10.15197909497204,10.062345136516374,9.975754653987936,9.891257027833545,9.807901638500018,9.724737866434172,9.64081509208282,9.555182695892778,9.466890058310863,9.374986559783888,3.351620339540904,3.216682506531548,3.2174463389595984,3.159141977962227,3.0917606617314255,3.0369678514267453,2.9958316606203033,2.9576299931997663,2.9192988553714256,2.8817825818112985,2.84595038826077,2.8119267369305656,2.779523235488025,2.74855041300004,2.7188248402438426,2.6902862927268902,2.662989585980562,2.636993941898269,2.6123585823734246,2.5891427292994362,2.5674056045697196,2.547206430077684,2.5286044277167417,2.5116588193803024,2.496428826961779,2.482973672354583,2.471352577452125,2.461624764147817,2.4538494543350704,2.448085869907296
20,112.0,28.379869484416794,18.94490366979021,17.359273592842374,16.45594185303136,15.854868976502777,15.402288777864607,15.036657520623468,14.735920191743853,14.483376547866408,14.264906848942118,14.067599726162058,13.886695835147162,13.720860317305455,13.568770120336325,13.429105358426005,13.300610717899051,13.182091178060057,13.072354027607231,12.970206555238791,12.874456049652943,12.78390979954791,12.697375093621899,12.613659220573123,12.531569469099798,12.449913127900139,12.367497485672352,12.28312983111466,12.19561745292527,12.103767639802399,12.006387680444256,3.40882902303173,3.413159809188631,3.340678158708637,3.254572830596815,3.158003058969011,3.0800709856782413,3.0264456730544014,2.9786183438132747,2.93147258717818,2.8869182645843274,2.846662353624182,2.8106172793424546,2.777941614811627,2.7477913341166023,2.719338996052744,2.6920953607961837,2.6658869774936758,2.640552490912982,2.6159305458218656,2.591859786988088,2.568178859179414,2.5447264071636044,2.5213410757084223,2.4978615095816306,2.474126353550992,2.449974252384269,2.4252438508492244,2.3997737937136208,2.3734027257452204,2.345969291711786
21,143.0,24.701126544691757,15.753970786517437,14.046570899145275,13.092750483199554,12.462674640775552,12.007469570726872,11.657135098031796,11.372049966103585,11.132289197350351,10.927954422419841,10.749805969754393,10.592555852222356,10.452576098221755,10.326244459236726,10.210017042065326,10.101947803249457,10.001582660495338,9.908524677890078,9.822376919520812,9.74274244947465,9.669224331838722,9.601425630700144,9.53894941014604,9.481398734263529,9.428376667139737,9.379486272861783,9.334330615516787,9.292512759191872,9.253635767974162,9.217302705950772,3.369399084679968,3.480464452906324,3.426525835009586,3.263595860677081,3.131906103631364,3.012222429550684,2.8996230748824785,2.8073890760820386,2.735001612174228,2.674733044990242,2.6195384641284565,2.567473597066709,2.5187368368346466,2.4735339635370535,2.4320495633892008,2.394036029188486,2.3588422015225916,2.325801463775052,2.2942471993294022,2.263512791569177,2.2329316238779118,2.201837079639141,2.1695625422364,2.135441395053223,2.0988070214731467,2.0589928048797046,2.015332128656432,1.9671583761868634,1.9138049308545344,1.8546051760429796
22,225.0,19.27724152138567,12.946709863978363,11.937505526196759,11.31379230228401,10.860267014994507,10.508826413709391,10.22498923501575,9.984178833902662,9.775757572558327,9.591926271840418,9.426331533528053,9.276059719767137,9.138697701882082,9.011832351197308,8.893287344695588,8.782258346485088,8.678433944957455,8.581503371613433,8.491155857953766,8.407080635479202,8.328966935690483,8.256503990088357,8.189381030173566,8.127287287446851,8.069911993408963,8.016944379560643,7.968073677402637,7.92298911843569,7.881379934160545,7.842935356077948,2.384562854942,2.194060413245582,2.312676663295374,2.3494588374812824,2.3613622593762615,2.3648960512662534,2.363861036156916,2.3599367809374914,2.3540501644256557,2.3469745459275906,2.3393339304302607,2.3313969834219463,2.3233806660099177,2.3155019393014458,2.3079031006090043,2.3002938656678595,2.2922285333292085,2.2832611996747496,2.2729459607861795,2.260836912745197,2.2464881516334985,2.229453773532782,2.2092878745247457,2.1855445506910858,2.1577778981135007,2.1255420128736873,2.088390991053344,2.045878928734168,1.9975599219978561,1.9429880669261068
23,228.0,18.795162539753935,12.653252823821786,11.677837789603,11.041001717491723,10.581526892588789,10.224680994922513,9.935005643746834,9.68958217222933,9.478674749638124,9.29523053083204,9.133132863358712,8.988492457472567,8.857744120271938,8.737322658855147,8.62404324454973,8.51692477484846,8.415777896759051,8.320414290270007,8.230645635369823,8.146283612047007,8.067139900290053,7.993026180087467,7.923754131427749,7.859135434299397,7.798981768690913,7.743104814590797,7.69131625198755,7.643427760869675,7.599251021225669,7.558597713044034,2.2304153377520644,2.1278766464419197,2.2850671259533484,2.3429702283327503,2.3597023922059748,2.3603047158643164,2.353655364321435,2.3446420481426005,2.3345464845218054,2.3239170098759825,2.3131948347737175,2.302566299047706,2.292180657056931,2.2821871631603785,2.2726661360213303,2.2632984997631285,2.2536216849851605,2.243172935073501,2.2314894934142213,2.2181086033933948,2.2025675083970935,2.1844034518113915,2.163153677022361,2.1383554274160748,2.1095459463786055,2.0762624772960256,2.0380422635544075,1.9944225485398257,1.9449405756383513,1.8891335882360578
24,224.0,19.741930198676858,13.533569665010342,12.420117259793688,11.700819009865747,11.190739790084585,10.794900888629797,10.47595756474172,10.211682380756026,9.987734299159975,9.791385630131076,9.612868857616553,9.44945922581918,9.299456749790327,9.161161444581358,9.032941361085982,8.91355873123399,8.801917407383797,8.696921426663348,8.597474826200585,8.502481643123451,8.410845914559886,8.32147167763784,8.233262969485253,8.145123827230066,8.055958288000223,7.964670388923668,7.870164167128344,7.771343659742195,7.667112903893162,7.556375936709188,2.231719298797577,2.344269453789364,2.546736875164516,2.6006912453348745,2.6120771564939105,2.6080366154616863,2.598533521057783,2.5893961846026747,2.58124112596394,2.573625740639099,2.566195789679587,2.5588072709200542,2.5513467731167347,2.5437008850258653,2.5357591294827357,2.527428028573066,2.518620211832987,2.5092483167669104,2.4992249808792426,2.488462841674394,2.4768745366567724,2.4643727033307887,2.4508699792008506,2.436279001771367,2.420512408546748,2.403482837031402,2.3851029247297366,2.3652853091461634,2.3439426277850894,2.320987518150925
25,242.0,19.407183361452187,13.3659758295188,12.317622476960294,11.6091610200429,11.075638378179818,10.660120840014237,10.325535094361106,10.043040872453732,9.80040185575271,9.588762153227835,9.400784251791745,9.232743119468227,9.081439365535271,8.943673599270861,8.816483787916304,8.69828308574192,8.58797872095531,8.484478566373106,8.38669049481194,8.293522379088444,8.203882092019244,8.116677506420979,8.030816495110278,7.945206930903767,7.858756686618081,7.770373635069852,7.678965649075708,7.583440601452283,7.482706365016208,7.375670812584113,2.236356111613409,2.2448390166291428,2.4944116406290635,2.607707418817846,2.648247493573254,2.6576876376947367,2.6520628868464824,2.640007130143873,2.624576886596831,2.6076930628621526,2.590735952107213,2.5737996354412296,2.5567910411278714,2.53961709743081,2.5222122094607453,2.5046699756543758,2.4871411890493538,2.4697767173040623,2.452727428076882,2.4361441890261935,2.4201778678103767,2.404979332087814,2.3906994495168865,2.377489087755974,2.3654991144634585,2.3548803972977197,2.345783803917139,2.338360201980098,2.3327604591449767,2.3291354430701574
26,225.0,18.691690052258444,12.906728463931895,11.895469683981476,11.21438766990582,10.709468630857536,10.30744197333544,9.978544026148903,9.704618015265034,9.473373991939829,9.273722131242302,9.096753739356977,8.938749406857559,8.796744801471315,8.667775590925519,8.549145606509098,8.439712345739277,8.338891503654398,8.246099503562668,8.160752768772289,8.082267722591471,8.010060788328417,7.943548389291337,7.882146948788434,7.8252728901279145,7.772342636617986,7.722772611566851,7.675979238282718,7.631378940073793,7.588388140248282,7.5464232621143905,2.122236771929272,2.1610208846043353,2.3735019894464204,2.476870353809469,2.5168328894658103,2.518810533322734,2.50067163732958,2.475943465780509,2.4483967488098592,2.4198171958998267,2.391482780402598,2.3634634844796896,2.3356535191300867,2.3079470953527714,2.280299538661016,2.253020255325096,2.2265458649106704,2.201313152956207,2.1777589050001733,2.156319906581037,2.137432943237264,2.1215348005073227,2.1090622639296805,2.100452119042805,2.0961411513851633,2.0965661464952223,2.10216388991145,2.113371167172313,2.1306247638162796,2.154361465381817
27,211.0,18.693480594368374,12.855135214933691,11.928254572261952,11.31145300164318,10.85920275634632,10.502701760727621,10.212807901246956,9.971261970164846,9.766886357079823,9.589949565935703,9.432628514177699,9.291640561740012,9.164363734678302,9.048176059048227,8.940712763013117,8.841099233302558,8.748996237284885,8.664065240829556,8.585967709806017,8.514365110083721,8.448918907532114,8.389290568020652,8.335141557418781,8.286133341595955,8.241927386421619,8.202185157765228,8.166568121496228,8.134737743484074,8.106355489598213,8.081082825708098,2.116961467025075,2.030928477492531,2.1892881627378573,2.2585302629985913,2.277737512096239,2.2755542702817824,2.2619707866183587,2.2423054370063062,2.219786582259932,2.1972145505888765,2.1764689259869376,2.1572386843035005,2.1388940525898077,2.1208052578970973,2.1024579660306726,2.0840066633191108,2.0658461283438245,2.048371453191038,2.031977729946973,2.0170600506978524,2.004013507529899,1.9932331925293356,1.985114197782385,1.980051615375269,1.978440537394211,1.9806760559254337,1.987153263055159,1.9982672508696104,2.0144131114550103,2.035985936897581
28,193.0,19.222033245838002,13.064497116185853,12.178454178465225,11.601526806182882,11.159610827479089,10.810043399265355,10.527829072225428,10.287029471739936,10.075202781302007,9.886934547755619,9.717146209521365,9.562670885106835,9.421151363833022,9.29023334604445,9.167614422990964,9.052064200666443,8.943360864149637,8.841321787493182,8.7457643447497,8.656505909971816,8.573363857212158,8.496155560523356,8.424698393958034,8.358809731568819,8.298306947408339,8.243007415529226,8.192728509984097,8.147287604825587,8.106502074106318,8.070189291878922,2.5187006915045127,2.017187227344426,2.1674596718502324,2.2692130544183082,2.315872451005123,2.3413520425265,2.361562640089033,2.3746639015388555,2.381771489150746,2.385621465750922,2.388696826835508,2.391630360883446,2.3942712217944493,2.3964657460532224,2.3980513005698474,2.3986799497204334,2.39782942048398,2.3949706658504133,2.3895746388096604,2.3811122923516472,2.3690545794663014,2.352872453143549,2.332036866373316,2.3060187721455305,2.2742891234501177,2.236318873277006,2.19157897461612,2.139540380457387,2.0796740437907344,2.011450917606088
29,124.0,21.54252105981813,14.358366558490683,13.262615728322562,12.533482241044672,12.006972420308358,11.594726674125909,11.25491587123292,10.96957309322178,10.725232247381001,10.510658727101358,10.315529894060177,10.13571219458353,9.969693392882158,9.815970677636518,9.673055969328392,9.53976553287395,9.415201968272749,9.298479001253865,9.188710357546373,9.085009762879352,8.986490942981883,8.892267623583038,8.8014535304119,8.713162389197544,8.626507925669047,8.540603865555491,8.454563934585948,8.367501858489502,8.278531362995224,8.186766173832195,2.651008249635829,2.4539704340065427,2.621399973136131,2.7218489343100924,2.7642721318271746,2.776864651628748,2.7789422494331775,2.7811112937723954,2.7853447417597943,2.789163460890247,2.7903244332592614,2.7884851979677863,2.784108253872852,2.777658993917277,2.7696062171246303,2.7604890887755054,2.7509129765376548,2.7414858204141668,2.732815560408129,2.72551013652263,2.7201774887607586,2.717425557125602,2.71786228162025,2.7220956022477907,2.730733459011311,2.7443837919139016,2.7636545409586484,2.789153646148642,2.8214890474869687,2.861268684976717
30,200.0,19.946309314510057,13.59175063842709,12.584613524946226,11.9182628206937,11.440875700235107,11.070932661182864,10.768320106116061,10.516663651470575,10.30351552272924,10.118361205012924,9.951511852362614,9.798887192582134,9.65878240243851,9.529501199191671,9.409370647677678,9.297200150546798,9.192252906289278,9.09380974591778,9.001151500444967,8.913559000883499,8.830313078246032,8.750694563545233,8.673984287793761,8.599463082004279,8.526411777189443,8.45411120436192,8.381842194534364,8.308885578719444,8.234522187929816,8.15803285317814,2.274512788657914,2.219645417680837,2.371897636127862,2.43875926200026,2.46603623500545,2.468676025679342,2.459901000866388,2.450436539042918,2.4433049142799126,2.4375316222767793,2.4322076001188946,2.4271143197494474,2.4223257214612275,2.417916797063563,2.413944314284189,2.4100885493625768,2.4056755656481257,2.4000176633258934,2.392427142580941,2.382216303598325,2.3686974465631043,2.3511828716603396,2.3289848790750893,2.3014157689924115,2.267787841597366,2.2274133970750114,2.179604735610406,2.123674157388609,2.05893396259468,1.9846964514136767
31,196.0,18.38178370992599,12.048280254490866,11.246667858642082,10.746887239490666,10.383668361595527,10.10012246430133,9.866052567158459,9.667131084778699,9.494316985129268,9.341246605063725,9.202049588573775,9.074116257444897,8.95621795723298,8.847130998712654,8.745637575602824,8.65064141742838,8.561160597731075,8.476217632961266,8.394835039569308,8.316035334005552,8.23884103272036,8.162274652164085,8.085358708787084,8.00711571903971,7.926568199372319,7.842738666235272,7.754649636078916,7.661323625353612,7.561783150509715,7.455050727997579,2.2335540712731485,1.88495179305329,1.9221975475491497,1.946049326932596,1.9730774452766215,1.9930441256234446,2.002488318831405,2.010131594433618,2.0183589266162056,2.0262015787719623,2.0327845186986826,2.0380810356901313,2.0424237161632424,2.0461464383221344,2.04956347345367,2.052584033340282,2.054736239348847,2.0555334053387693,2.0544888451694496,2.0511158727002905,2.044927801790694,2.0354379463000627,2.022159620087799,2.0046061370133046,1.9822908109359816,1.9547269557152331,1.9214278852104603,1.8819069132810657,1.8356773537864521,1.7822525205860207
32,131.0,21.215426792922326,14.431283399484391,13.482263555956598,12.929994785713314,12.555992778539636,12.26929782968239,12.034492978478037,11.833105688129413,11.656500875939788,11.498574815643781,11.354150557143662,11.220886053194528,11.096979438568043,10.980628848035886,10.87017113089583,10.765000291910894,10.664996961052026,10.570044351856568,10.480025677861867,10.39482415260527,10.314322989624122,10.238405402455768,10.166954604637555,10.099853809706827,10.03698623120093,9.97823508265721,9.923483577613013,9.872614929605684,9.825512352172566,9.782059058851011,2.4079922784764416,2.1580615731769655,2.1501368136272108,2.132776550044689,2.1315825730905074,2.138364234801523,2.150168022690544,2.16631254189808,2.1852732485640685,2.2053087332296415,2.2249751719045103,2.2437390234069867,2.261240198143926,2.277118606522186,2.291088409689317,2.3034296401440733,2.314682809825556,2.32538981359738,2.3360925463231617,2.3473329028665164,2.359652778091059,2.3735940668604045,2.3896986640381694,2.4085084644879684,2.4305653630734168,2.4564112546581307,2.4865880341057256,2.521637596279815,2.562101836044017,2.6085226482619452
33,154.0,19.92669890139562,13.75197322582773,12.728397103886097,12.146938603686216,11.75064161494607,11.451172150989152,11.211748176457832,11.009809804147698,10.835276220471743,10.681277845185301,10.541949494588192,10.414498318499525,10.296716890437976,10.186397783922226,10.081533560333536,9.981640905943559,9.886938085567609,9.797647088806958,9.713989905262899,9.636188524536704,9.564464936229665,9.499041129943059,9.44013909527817,9.387980821836283,9.342788299218675,9.304783517026637,9.274188464861446,9.251225132324384,9.236115509016734,9.229081584539783,2.3622237099076604,2.2167373585049748,2.231917816510728,2.20436291840399,2.1831419008957003,2.1690838676127395,2.1611162574431586,2.1590829766060935,2.1617096156400524,2.1674340951645314,2.1749171618134686,2.1835011640128417,2.19265832731304,2.2018608772644557,2.21063177272155,2.2188806154605585,2.2266949850465987,2.2341634059556257,2.2413744026635984,2.2484164996464746,2.255378221380212,2.262348092340766,2.269414637004096,2.2766663798461595,2.2841918453429138,2.2920795579703164,2.300418042204325,2.3092958225208964,2.3188014233959886,2.3290233693055598
34,213.0,18.309569539208997,12.417021076000415,11.53823845621594,11.036022059747534,10.695406103409697,10.446822322753661,10.252171615034854,10.085094781221743,9.937782526004007,9.807198541594538,9.690464417213386,9.585184719600107,9.48905604537464,9.399774991156926,9.315215327374633,9.234601081449917,9.157777825234644,9.084594430453494,9.014899768831151,8.948542712092301,8.885372131961624,8.825236900163807,8.767985888423533,8.71346796846549,8.661532012014359,8.612026890794827,8.564801476531574,8.51970464094929,8.476585255772651,8.435292192726351,2.3679535223067023,1.9354716561013734,1.9218487370032724,1.8906678711713107,1.8693611547360107,1.8500388574080942,1.8350800652351231,1.8288328433643102,1.8298009711484393,1.8349846046395506,1.8419115136028124,1.849723385895663,1.857869436502542,1.865798880407888,1.8730468360148902,1.879803099150631,1.8865588239078532,1.8938067643356433,1.9020396744830874,1.9117503083992733,1.9234314201332865,1.9375757637342135,1.9546760932511416,1.9752251627331572,1.9997157262293466,2.028640537788797,2.0624923514605946,2.1017639212938253,2.1469480013375764,2.1985373456409354
35,183.0,18.218070224043494,12.568918796121325,11.62554304669744,11.097770119420781,10.772607445399414,10.523596149398351,10.317954671728648,10.149369979717294,10.008942621198383,9.887107751389186,9.776085008181619,9.673552573562082,9.578228738300076,9.4888317931651,9.404169837946915,9.3237354147879,9.247336125358697,9.17478124402834,9.105880045165874,9.040441803140341,8.97827579232078,8.919191287076234,8.862997561775742,8.809503890788353,8.758519548483097,8.709853809229024,8.663315947395176,8.618715237350587,8.575860953464304,8.534562370105368,2.2319541141377073,2.042309135603264,2.0058399565670695,1.9396381713188962,1.8917720690021107,1.8617974629061647,1.8457738994930193,1.8404389600327649,1.8424921002984167,1.8486233496145752,1.856240405007862,1.864946232551909,1.8747621000831507,1.8857092754380225,1.8977530954239494,1.9104326416128827,1.9230907836198587,1.9350693493411304,1.945710166672952,1.954355063511577,1.9603458677532595,1.9630244072942533,1.9617325100308125,1.9558120038591909,1.9446047166756415,1.9274524763764196,1.9036971108577787,1.8726804480159718,1.833744315747253,1.7862305419478772
36,213.0,19.086891149387007,13.201323623422274,12.420363503335391,11.935505186286782,11.58216613579473,11.29967228045853,11.061270051958479,10.851253809078456,10.663311519190428,10.493548168218963,10.338431495312616,10.195538856695206,10.062659042710314,9.937580843701532,9.818289466562238,9.70426702579089,9.595684685887157,9.492717269620757,9.395539599761417,9.304326499078856,9.219252790342798,9.140493296322969,9.068222839789087,9.00261624351088,8.943848330258065,8.892093922800372,8.847527843907518,8.810324916349229,8.780659962895227,8.758707806315234,2.296674451205894,1.8419454200806742,1.9074857567795354,1.9658577750971507,2.019527008874573,2.06652692849096,2.1074044520428856,2.1440598703628977,2.1769204356289316,2.20603433493236,2.231490136178582,2.2534999288805198,2.2722993392133732,2.2881239933523445,2.301200030776229,2.3116812920256207,2.3196883373081896,2.325341550141315,2.328761314042373,2.3300680125287436,2.329382029117803,2.3268237473269298,2.322513550673503,2.3165718226749004,2.309118946848499,2.3002753067116783,2.2901612857818154,2.2788972675762893,2.266603635612477,2.2534007734077575
37,208.0,19.623846061824533,13.38627145963834,12.552724601990898,12.0439086551572,11.669286839478307,11.367750944281598,11.114149122776473,10.893022239174527,10.69630048784826,10.517815771983331,10.352450372409798,10.198299558218432,10.054070823527796,9.91847166245647,9.790299438360147,9.669036415865126,9.554480130373097,9.446429791105691,9.344684607284545,9.24904378813129,9.159306542867563,9.075272080714996,8.996739610895226,8.923508342629887,8.855377485140613,8.79214624764904,8.733613839376803,8.679579469545532,8.629842347376865,8.584201682092438,2.42059745772986,1.947959246682577,2.016059856134545,2.0849025820867397,2.1410829833580762,2.186995055035748,2.226717973563017,2.2637371399602815,2.297977267960103,2.3284470471748078,2.354502068339169,2.376559058171945,2.39523693958888,2.4111546355057234,2.424857449757195,2.4363296287600815,2.4452971554196616,2.4514846414813927,2.454616698690736,2.454417938793152,2.4506129735341005,2.4429264146590413,2.431082873913435,2.4148069630427424,2.3938232937924226,2.3678564779079374,2.336631127134746,2.299871853218308,2.2573032679040845,2.208649982937536
38,219.0,20.157065543069457,14.05727655959911,13.161861714042038,12.610018031558088,12.190209894507834,11.844706662093381,11.550639395331736,11.29283690674456,11.062562006525143,10.852733597267727,10.657578512128849,10.47532440010376,10.304961253336629,10.14547906397162,9.995870563517846,9.855149360422862,9.722338673115788,9.59646177104656,9.476541923665135,9.361602400421452,9.250666470765458,9.142757404147098,9.036898470016324,8.932112937823081,8.827424077017312,8.72185515704897,8.614429447367996,8.50417021742434,8.390100736667943,8.27124427454876,2.3036806385402993,2.0694398682868544,2.1970234274631952,2.3034794195660258,2.3964107305826032,2.4718598741654176,2.5330126626855805,2.5849872958785993,2.62939526890279,2.6669456383074737,2.6983001661078774,2.72397594776149,2.744462512958317,2.7602493913883643,2.771814892823889,2.779551819068385,2.7838136112688985,2.7849535016008313,2.7833247222395863,2.779280505360564,2.773174083139167,2.7653586877507976,2.7561875513708585,2.746013906174751,2.735190984337877,2.72407201803564,2.713010239443441,2.702358880736682,2.692471174090765,2.6837003516810936
39,200.0,20.274145195203058,13.793990455178596,12.869952838593662,12.304811147587918,11.889898596914898,11.552345517433142,11.265303060520386,11.014698434196355,10.791965020970324,10.589953376271264,10.402812078398366,10.228660215545963,10.066373444352994,9.914827421458389,9.772913289094774,9.6396402065508,9.5140716582133,9.39527141688921,9.282303255385477,9.174230946509036,9.07011826306683,8.969028977865797,8.870026863712885,8.77217569341503,8.674539239779172,8.576181275612257,8.476165573721223,8.373555906913012,8.267416047994562,8.156809769772819,2.4394915132636275,2.14907427923621,2.232532219372076,2.307769188707845,2.3741838981520154,2.432116379592912,2.48252540229317,2.526281537837023,2.5640771137568437,2.596558525014388,2.6242493584774325,2.6472975442625883,2.665779432248298,2.679771372313009,2.689399089122327,2.695164596888136,2.697743121790403,2.6978108096174744,2.696043806157701,2.6931182571994294,2.6897103085310086,2.6864961059407864,2.684151795217111,2.683353522148332,2.684777432522796,2.6890996721288536,2.6969963867548516,2.709143722189138,2.726217824220062,2.748894838635972
40,224.0,20.440930316100765,14.180163598737627,13.307879046747072,12.758550486141482,12.342671595230291,12.002154589024972,11.713076623634409,11.460748757252311,11.23662194062455,11.033727396964931,10.846244446815293,10.671864313925436,10.50894740439649,10.355854124329587,10.211073116643274,10.074070328192297,9.944761574130645,9.823065058030735,9.708898983464994,9.602181554005847,9.502830973225716,9.410765444697024,9.325903171992195,9.248162358683658,9.177461208343829,9.113717924545139,9.056850710860012,9.006777770860865,8.963417308120126,8.926687526210221,2.4270299358377354,2.047231569843446,2.1638271674364478,2.276048880433368,2.355175147812317,2.421369822281003,2.479336588431228,2.5271274649355417,2.5659762215462028,2.5979353684040327,2.624690168214292,2.646802510751447,2.66462023053424,2.678491162081416,2.6887709428841586,2.695874677565128,2.7002448443984144,2.702324066988943,2.7025549689416377,2.701380173861422,2.6992423053532195,2.696583987021955,2.6938478424725516,2.691476495309934,2.6899125691390253,2.689598687564751,2.6909774741920343,2.694491552625798,2.7005835464709675,2.7096960793324665
41,180.0,20.543703847043883,12.801519437702776,11.693466176122215,11.101226721726537,10.714312490939774,10.418874536593606,10.169434341395812,9.956172340266356,9.771295009450835,9.6078887296949,9.459515417901075,9.322952838127488,9.196329660942977,9.077779214315134,8.965479772566834,8.858526172263424,8.756869072162397,8.660491911459587,8.569378129350843,8.483511165032004,8.402874457698918,8.327451446547425,8.25722557077337,8.192180269572592,8.132298982140943,8.07756514767426,8.027962205368388,7.983473594419168,7.944082754022449,7.909773123374068,2.393742151220202,2.6366490651679793,2.431686507059728,2.3308845012144968,2.287543927650746,2.267033242352689,2.25624078422801,2.2535775365323083,2.2565462733070913,2.262127264865331,2.2675881715144355,2.27220033370751,2.27607679376446,2.2793334958649463,2.2820772496784967,2.2842285906585293,2.285534124327056,2.285733794192126,2.2845675437617863,2.2817753165440835,2.277097056047067,2.2702727057787833,2.2610422092472806,2.249145509960606,2.234322551426808,2.216313277153933,2.1948576306500307,2.169695555423146,2.140566994981329,2.1072118928326256
