battery,ACB_5_10_1,ACB_5_10_2,ACB_5_10_3,ACB_5_10_4,ACB_5_10_5,ACB_5_10_6,ACB_5_10_7,ACB_5_10_8,ACB_5_10_9,ACB_5_10_10,ACB_5_15_1,ACB_5_15_2,ACB_5_15_3,ACB_5_15_4,ACB_5_15_5,ACB_5_15_6,ACB_5_15_7,ACB_5_15_8,ACB_5_15_9,ACB_5_15_10,ACB_10_15_1,ACB_10_15_2,ACB_10_15_3,ACB_10_15_4,ACB_10_15_5,ACB_10_15_6,ACB_10_15_7,ACB_10_15_8,ACB_10_15_9,ACB_10_15_10,ADB_5_10_1,ADB_5_10_2,ADB_5_10_3,ADB_5_10_4,ADB_5_10_5,ADB_5_10_6,ADB_5_10_7,ADB_5_10_8,ADB_5_10_9,ADB_5_10_10,ADB_5_15_1,ADB_5_15_2,ADB_5_15_3,ADB_5_15_4,ADB_5_15_5,ADB_5_15_6,ADB_5_15_7,ADB_5_15_8,ADB_5_15_9,ADB_5_15_10,ADB_10_15_1,ADB_10_15_2,ADB_10_15_3,ADB_10_15_4,ADB_10_15_5,ADB_10_15_6,ADB_10_15_7,ADB_10_15_8,ADB_10_15_9,ADB_10_15_10,ACF_2_1,ACF_2_2,ACF_2_3,ACF_2_4,ACF_2_5,ACF_2_6,ACF_2_7,ACF_2_8,ACF_2_9,ACF_2_10,ACF_10_1,ACF_10_2,ACF_10_3,ACF_10_4,ACF_10_5,ACF_10_6,ACF_10_7,ACF_10_8,ACF_10_9,ACF_10_10,ACF_15_1,ACF_15_2,ACF_15_3,ACF_15_4,ACF_15_5,ACF_15_6,ACF_15_7,ACF_15_8,ACF_15_9,ACF_15_10,ACF_20_1,ACF_20_2,ACF_20_3,ACF_20_4,ACF_20_5,ACF_20_6,ACF_20_7,ACF_20_8,ACF_20_9,ACF_20_10,ADF_15_1,ADF_15_2,ADF_15_3,ADF_15_4,ADF_15_5,ADF_15_6,ADF_15_7,ADF_15_8,ADF_15_9,ADF_15_10,ADF_10_1,ADF_10_2,ADF_10_3,ADF_10_4,ADF_10_5,ADF_10_6,ADF_10_7,ADF_10_8,ADF_10_9,ADF_10_10,ADF_5_1,ADF_5_2,ADF_5_3,ADF_5_4,ADF_5_5,ADF_5_6,ADF_5_7,ADF_5_8,ADF_5_9,ADF_5_10,Corrected cycle life,Failure mode
1,3.499783993,3.494299173,3.496318839,3.496515751,3.496676856,3.496533654,3.496633898,3.496752045,3.496780677,3.497120858,3.50065866,3.495756352,3.497752764,3.497983695,3.49817703,3.498139438,3.49824505,3.498341712,3.49836501,3.498776763,3.501533329,3.497213531,3.499186688,3.499451637,3.499677204,3.499745218,3.49985621,3.499931378,3.499949345,3.500432666,3.356356812,3.357103715,3.357089409,3.357640784,3.357615706,3.358131301,3.358066814,3.358244651,3.358277503,3.358449954,3.3538205,3.354232267,3.354192899,3.354484924,3.354710249,3.355211486,3.355197178,3.355267461,3.355318844,3.355198976,3.351002376,3.351360817,3.351296382,3.351592045,3.351804798,3.352291688,3.352327544,3.352019635,3.352091204,3.352218907,3.445925142,3.488652831,3.494655523,3.494860694,3.494545894,3.493737862,3.493325735,3.492683866,3.492083845,3.49192276,3.489836613,3.492840785,3.495923528,3.496203534,3.496167854,3.495858966,3.495825307,3.495748381,3.495592544,3.495784913,3.49648209,3.49595868,3.498518434,3.498837184,3.499064999,3.498937494,3.499003949,3.499008526,3.49895893,3.499299319,3.479898116,3.491472147,3.495562479,3.495911586,3.495694382,3.495225433,3.495071177,3.494808615,3.494481837,3.494543887,3.364361668,3.364097037,3.364456003,3.364181231,3.364889267,3.365559008,3.366437095,3.36569256,3.36564434,3.365586628,3.370127032,3.370211702,3.370707869,3.370856743,3.371114226,3.371955166,3.373163455,3.372095789,3.371997805,3.372685531,3.382813258,3.382316263,3.383033323,3.383356301,3.383363989,3.384823234,3.38691704,3.386563478,3.38635838,3.386188523,210,Short circuit
2,3.498717209,3.4947751,3.496038935,3.496314903,3.496390382,3.496433059,3.496672648,3.496666074,3.49679793,3.496948302,3.49971817,3.496034999,3.497526527,3.497811286,3.49786949,3.498069832,3.498330102,3.498357506,3.498628046,3.498732475,3.50071913,3.497420884,3.499014119,3.499443705,3.499483064,3.499855409,3.500138239,3.500202701,3.50030565,3.500678844,3.356271384,3.357549863,3.357545397,3.357860428,3.357870298,3.357986664,3.35820502,3.358287078,3.358162366,3.358349429,3.353124755,3.354292509,3.354609286,3.354883228,3.354948311,3.354831908,3.355237685,3.355359257,3.355102405,3.355306167,3.350264182,3.351306598,3.35140625,3.351635369,3.351760675,3.351940036,3.352000588,3.352165267,3.351764267,3.351986232,3.443850598,3.489013957,3.493846347,3.494620678,3.493783249,3.493241107,3.492575969,3.491936214,3.49170654,3.4908188,3.488302951,3.493398686,3.49552205,3.496035385,3.495846698,3.495703243,3.495701351,3.495541468,3.495421531,3.495380403,3.495551972,3.496466805,3.498267096,3.498700573,3.498665787,3.498721528,3.498875085,3.498839163,3.498932069,3.498988836,3.477941663,3.491966809,3.49505113,3.495748422,3.495291078,3.494955572,3.494711133,3.494391768,3.494158903,3.4937806,3.363460045,3.364396288,3.364854956,3.364828876,3.365168205,3.365153851,3.365834418,3.365917695,3.365488996,3.365937404,3.370313154,3.371359065,3.371098697,3.37096876,3.371350673,3.371995078,3.372291581,3.372287704,3.371816497,3.372376984,3.382871951,3.384499985,3.385007345,3.384485992,3.384996028,3.384648571,3.386906246,3.386588347,3.3856322,3.386604799,190,Short circuit
3,3.499418576,3.496160139,3.497345144,3.497849941,3.497866353,3.497968039,3.498082638,3.49833562,3.498508625,3.498669733,3.500757495,3.497729972,3.498852331,3.499348105,3.499452549,3.499657977,3.499928518,3.500092879,3.500442149,3.50061164,3.502096414,3.499299807,3.500359514,3.500982459,3.501182947,3.50150154,3.501620571,3.50200989,3.502214552,3.502391717,3.356042012,3.356808186,3.357397362,3.357305488,3.357792681,3.357717469,3.357728799,3.357922433,3.357728777,3.357807596,3.352787794,3.353756213,3.354326444,3.354278505,3.354511342,3.354362371,3.354653464,3.354754461,3.354602069,3.354605526,3.349533579,3.350704235,3.350976336,3.350976337,3.351503452,3.351286868,3.351298552,3.351298503,3.351191129,3.351112364,3.447039155,3.490721249,3.495584977,3.495368232,3.494242657,3.493333687,3.492877376,3.492321999,3.491681504,3.49120537,3.488174185,3.494896866,3.496906269,3.497285079,3.497021447,3.496813846,3.496661891,3.496737562,3.496621366,3.496568318,3.495919828,3.498191828,3.499801314,3.500131337,3.500242816,3.500316325,3.500284724,3.500336409,3.500566947,3.500624571,3.477481304,3.493680172,3.496505531,3.496711521,3.496159139,3.495647561,3.495372421,3.495136001,3.494889481,3.49464423,3.363578524,3.364606759,3.364471394,3.364760931,3.36513815,3.365036706,3.365774371,3.36517163,3.365253794,3.365533969,3.370654616,3.371181499,3.370797075,3.371141209,3.37224141,3.372131474,3.372495955,3.371592802,3.371782595,3.372178698,3.385492042,3.384077765,3.384819591,3.385252721,3.385448639,3.385067981,3.38765479,3.385535165,3.386204804,3.386701992,211,Short circuit
4,3.498708506,3.495345917,3.496770903,3.496896824,3.497093739,3.497241438,3.49742196,3.496527498,3.497909438,3.498020497,3.500393818,3.497032801,3.498617453,3.498607191,3.498896562,3.499102031,3.49932294,3.498567819,3.499956505,3.500102073,3.50207913,3.498888374,3.500310122,3.500473045,3.500863271,3.501131771,3.501396742,3.500438115,3.501832981,3.502010185,3.356929193,3.357815661,3.358051957,3.357895944,3.358317769,3.358554085,3.358659151,3.35852458,3.35869191,3.358783829,3.353871574,3.354905377,3.355054342,3.354906331,3.355359139,3.355530375,3.355645126,3.355463584,3.355629689,3.355376272,3.350813974,3.35173052,3.351784226,3.351916703,3.352131543,3.352231784,3.352357085,3.352124319,3.352289091,3.352252682,3.444594229,3.488467604,3.492163679,3.492536856,3.49111653,3.490658672,3.490333927,3.489237982,3.489665173,3.489401309,3.486362587,3.493311335,3.495462855,3.495535347,3.495470797,3.495442218,3.495431382,3.49438891,3.495493102,3.495478296,3.495284503,3.497083137,3.498973974,3.499139304,3.499343398,3.499442125,3.49935124,3.498579086,3.499782737,3.499878641,3.474713696,3.491292522,3.49424137,3.494117114,3.493804304,3.493602104,3.493418776,3.492441318,3.493265151,3.493143947,3.364398353,3.365961074,3.3660711,3.366140855,3.366342232,3.366367704,3.36666181,3.366690423,3.367104486,3.366918349,3.371278222,3.37260743,3.372764679,3.372820275,3.372946341,3.37294894,3.373308045,3.373439223,3.373928609,3.374472258,3.386002356,3.387972636,3.388145652,3.386033046,3.387988899,3.387805537,3.388364409,3.38868209,3.389317397,3.388505251,203,Short circuit
5,3.500051914,3.495680071,3.497390249,3.497705321,3.497823515,3.49802369,3.498135249,3.498972119,3.498643916,3.498949171,3.501556672,3.497557919,3.499044914,3.499449035,3.499709317,3.499945602,3.5001699,3.501986626,3.500680148,3.501029461,3.503061435,3.499435769,3.500850004,3.501351268,3.501766552,3.50204223,3.502389518,3.505275182,3.502901489,3.50329887,3.356640492,3.358022452,3.357775409,3.358033782,3.358262368,3.358137025,3.358344641,3.358169251,3.35851953,3.358237293,3.353423619,3.354608894,3.354400019,3.354934256,3.354821257,3.354704799,3.355131387,3.354993562,3.355220237,3.35496495,3.350206743,3.351479807,3.351305903,3.351552943,3.351666889,3.351558583,3.351918116,3.351817871,3.351621003,3.351692594,3.44457968,3.489470131,3.494221439,3.493536162,3.492477762,3.490907026,3.490253684,3.489754314,3.48958385,3.489072077,3.48845241,3.493909071,3.496424898,3.496436403,3.496166891,3.496038392,3.495952378,3.496247707,3.496105528,3.496132133,3.496862693,3.497637659,3.499678581,3.499948165,3.500006581,3.500102016,3.500186761,3.501458464,3.500573691,3.500759321,3.477166718,3.492103784,3.495408888,3.495107505,3.494439768,3.493996137,3.493692547,3.493435883,3.493504951,3.493238833,3.362090526,3.363382552,3.363369559,3.363849112,3.363856634,3.364269633,3.36490161,3.364878158,3.364461944,3.364814621,3.368073991,3.369664299,3.369707826,3.36962443,3.370266985,3.370884645,3.371061978,3.371031185,3.370481458,3.37100348,3.379668635,3.380574349,3.380794066,3.381803849,3.381439974,3.382513293,3.38254414,3.38248869,3.383001165,3.38239924,170,Short circuit
6,3.496582012,3.496049708,3.497191884,3.497504273,3.49761796,3.497764739,3.497701187,3.497970323,3.498091717,3.49851183,3.498321465,3.497614341,3.498914823,3.499125429,3.499428534,3.499669942,3.499652317,3.49997888,3.500179063,3.500590971,3.500060915,3.499178972,3.500494181,3.500893961,3.501088222,3.501416384,3.501603446,3.501987439,3.502266407,3.50267011,3.357751194,3.358621207,3.358902297,3.359223922,3.359512748,3.359473346,3.35993524,3.359763386,3.360054256,3.359827842,3.354686399,3.355444191,3.356084629,3.356298649,3.356235668,3.356569206,3.356651438,3.35643568,3.356650839,3.356437371,3.351621606,3.352531929,3.353010806,3.353107453,3.352958581,3.353401056,3.353641287,3.35338527,3.353247424,3.353329459,3.433172324,3.492040516,3.49427391,3.492964095,3.491565695,3.490691222,3.489230049,3.488504192,3.48802751,3.487769609,3.483818076,3.495062868,3.496333688,3.496183953,3.495734722,3.495511487,3.495420797,3.495326224,3.495199684,3.495431179,3.492936868,3.498251245,3.499525287,3.499573331,3.499593555,3.499615183,3.499715289,3.499861608,3.49971364,3.500058146,3.472209138,3.494138788,3.495572484,3.494914038,3.494089962,3.493555629,3.493109698,3.492654369,3.492304999,3.492345492,3.365338214,3.365759116,3.366465096,3.367049877,3.366453179,3.367041962,3.367102687,3.367233515,3.367384428,3.367334672,3.372073753,3.372522807,3.372515354,3.373350023,3.373121583,3.373200201,3.373969901,3.374284389,3.374516245,3.374462549,3.385892562,3.384788175,3.385624496,3.387083094,3.386415903,3.386521051,3.386297814,3.386993258,3.389239628,3.387260877,204,80%
7,3.497242874,3.49054583,3.490770711,3.493142019,3.493120501,3.493091845,3.493382017,3.493263824,3.493503787,3.493715114,3.498945184,3.49241408,3.492644108,3.495038704,3.495079881,3.495097797,3.495348546,3.495330649,3.495635105,3.495778385,3.500789346,3.49409551,3.494517501,3.49693539,3.497039253,3.497103735,3.497315079,3.497397467,3.497766429,3.497841659,3.360702681,3.361985726,3.361871109,3.361953516,3.361957093,3.362386931,3.362391709,3.362677096,3.362512346,3.362519477,3.357883406,3.359003683,3.358890854,3.359034162,3.359007277,3.359388759,3.359345163,3.359677109,3.359394146,3.359372639,3.35506413,3.35602164,3.355910605,3.356114801,3.356057451,3.356390607,3.356021664,3.356677154,3.35627597,3.356225816,3.451654494,3.483290999,3.488034819,3.487626984,3.487442227,3.487001321,3.48682734,3.486499058,3.486147148,3.485934998,3.487737863,3.488258826,3.489982186,3.49131534,3.491259541,3.491086725,3.491230502,3.491075981,3.49115797,3.491237038,3.495147049,3.492219309,3.493352673,3.495044011,3.495115191,3.495237862,3.495256348,3.495204565,3.495605206,3.495718632,3.477636737,3.486286021,3.489198244,3.489654819,3.489570448,3.489252356,3.489275032,3.489093261,3.488998444,3.488960431,3.365406107,3.366836573,3.366764191,3.367202669,3.367003453,3.367419448,3.367399666,3.368073632,3.367740874,3.367788341,3.370606716,3.372135703,3.372067706,3.37256887,3.37219114,3.372730427,3.372737053,3.373502641,3.373235558,3.373333135,3.38062488,3.381886963,3.381811294,3.382524772,3.381411086,3.382337759,3.383579957,3.383351172,3.383104505,3.383296854,166,Short circuit
8,3.50228681,3.494904376,3.497351409,3.498224855,3.498474438,3.498674731,3.49893417,3.498746972,3.499597471,3.499817491,3.503838378,3.496697285,3.499205213,3.500058331,3.500332436,3.500565445,3.500853278,3.500654529,3.501521453,3.501829823,3.505389949,3.498490191,3.501059011,3.502058485,3.502359346,3.502628044,3.502946853,3.502735505,3.503620342,3.504025091,3.355755185,3.358737097,3.35705701,3.357103565,3.357658841,3.357452257,3.358077936,3.357920342,3.358066303,3.3582042,3.352900666,3.355595489,3.353906471,3.353893899,3.354191384,3.3542685,3.354537467,3.354621105,3.354729347,3.354799587,3.349728981,3.352453882,3.35075593,3.350684233,3.351012885,3.350795293,3.351292035,3.351321871,3.351089023,3.351085468,3.464511286,3.485829644,3.489602544,3.49264765,3.4927627,3.492537221,3.492207516,3.491411211,3.491493825,3.490956754,3.493806258,3.492420014,3.495187851,3.496548088,3.496740781,3.496816044,3.496905812,3.496521122,3.497147694,3.497125058,3.505301,3.505107863,3.505892675,3.506399394,3.506856331,3.507000116,3.506885013,3.507141799,3.506936898,3.507018793,3.48589103,3.489978526,3.493125278,3.494767984,3.494899522,3.494855071,3.4947655,3.494187605,3.494569372,3.494294245,3.360807021,3.363472166,3.362086453,3.361841805,3.361845656,3.361928862,3.362453942,3.362780826,3.362513288,3.36303288,3.365644106,3.368864117,3.367526972,3.367126854,3.367568206,3.367142103,3.36833721,3.368258284,3.367903685,3.368677886,3.374962641,3.378569253,3.377197952,3.376147443,3.376871984,3.37726042,3.377927976,3.377725074,3.378338404,3.379819065,168,Short circuit
9,3.506783923,3.502982833,3.503736834,3.504293854,3.504761318,3.504902462,3.504810532,3.50507112,3.505171451,3.505271718,3.507854349,3.504709057,3.505212693,3.50593393,3.506247425,3.506434149,3.506447842,3.506811039,3.506937827,3.507078307,3.508842433,3.506291429,3.506822717,3.507437329,3.507868636,3.508105082,3.508234001,3.508405963,3.508557001,3.508734345,3.347406603,3.348914029,3.349114299,3.34922266,3.34964893,3.349860233,3.350207691,3.350253644,3.350362003,3.350583794,3.343701049,3.345354435,3.345673064,3.345760429,3.34584095,3.346118479,3.346707806,3.346781431,3.346863672,3.346747193,3.339995493,3.341471241,3.34191899,3.341983448,3.342350304,3.34268854,3.342889744,3.342993563,3.343047314,3.343230307,3.469865118,3.498601769,3.499288034,3.500054858,3.500067457,3.499686573,3.498950589,3.498532061,3.497795775,3.497350607,3.499435483,3.501831845,3.502736113,3.503287368,3.503706814,3.503666925,3.50334616,3.50335589,3.503187081,3.503095317,3.505301,3.505107863,3.505892675,3.506399394,3.506856331,3.507000116,3.506885013,3.507141799,3.506936898,3.507018793,3.492510906,3.500814397,3.501736825,3.502375081,3.502638,3.50241707,3.501880809,3.501787759,3.501380193,3.501130689,3.356229836,3.357327371,3.35946816,3.359477684,3.360761262,3.359953283,3.358820679,3.358888366,3.360554241,3.359072977,3.363853265,3.364658655,3.367512886,3.367491797,3.370289317,3.368874994,3.366218533,3.366220173,3.368601957,3.367274277,3.378413857,3.380682569,3.385917677,3.385742378,3.388918621,3.385989054,3.382656831,3.382392673,3.386949977,3.382346906,98,Short circuit
10,3.505441129,3.501162311,3.501267413,3.501796127,3.50190121,3.502311687,3.502147496,3.502617061,3.503070216,3.503280382,3.506854801,3.502942292,3.503031387,3.50344945,3.503596792,3.504091926,3.504025108,3.504413987,3.504789218,3.505042779,3.508268476,3.504884091,3.504955724,3.505253076,3.50544652,3.506034006,3.50607341,3.506374273,3.506664493,3.506965398,3.348820845,3.350331385,3.35091259,3.351396255,3.351439214,3.351571777,3.35205537,3.352238115,3.352258962,3.352324029,3.345203971,3.347004642,3.347547711,3.347835577,3.348191861,3.348283212,3.348704185,3.348584293,3.348849815,3.348747034,3.341258288,3.343375466,3.343876946,3.344571626,3.344944501,3.344994652,3.345048363,3.345234951,3.345130747,3.345468125,3.454211849,3.495164115,3.496453039,3.496769914,3.496809941,3.496882292,3.496313052,3.496256872,3.494828484,3.494456323,3.496214422,3.499628555,3.499861941,3.500355363,3.500483457,3.50074277,3.500428109,3.50077387,3.500959701,3.501045803,3.503303769,3.50326716,3.503615244,3.504024187,3.504203982,3.504555742,3.504444017,3.504770615,3.504968831,3.504994616,3.487646391,3.498057405,3.498397876,3.498845723,3.498995573,3.499101759,3.498633277,3.498852725,3.498771024,3.498734818,3.353257175,3.354702753,3.355435802,3.356110816,3.356424231,3.356662114,3.356420065,3.357064474,3.357107608,3.357174612,3.358861353,3.35996541,3.360810737,3.362173579,3.361844321,3.362187773,3.361746699,3.363279249,3.362644855,3.363250625,3.369291551,3.369866544,3.371001267,3.372186714,3.371151283,3.371738747,3.371873702,3.373535859,3.37321341,3.373167425,188,Short circuit
11,3.506586909,3.502379157,3.503238981,3.503867963,3.504383465,3.504892469,3.505138755,3.505166228,3.505524441,3.505653403,3.507498135,3.504197577,3.504836661,3.505465432,3.50590228,3.506334034,3.506698962,3.506938822,3.507264349,3.507560743,3.508409362,3.505864462,3.506301203,3.507208129,3.50755917,3.507906653,3.508401005,3.5085637,3.508859257,3.509309134,3.347556439,3.348670525,3.349483705,3.3494852,3.349961358,3.350081942,3.350132098,3.350102521,3.35034881,3.350554813,3.343763892,3.345124228,3.345931166,3.346280683,3.346666167,3.346510257,3.346542806,3.346787791,3.347025941,3.346907735,3.340287389,3.341873448,3.342674675,3.342784838,3.343071418,3.343236208,3.34325264,3.343171729,3.343400981,3.343564572,3.466679917,3.497240969,3.498225813,3.499029399,3.499522305,3.499475231,3.499229863,3.498491087,3.497668928,3.496746414,3.498527077,3.500929835,3.501986657,3.502747559,3.503211803,3.503525798,3.50361032,3.503391422,3.503338532,3.503107437,3.504697511,3.504445449,3.505408747,3.506040722,3.506467886,3.506785725,3.507069751,3.507035391,3.507130641,3.507231623,3.4909363,3.499654124,3.500844341,3.501618696,3.502036275,3.502154791,3.502081292,3.501775763,3.501363301,3.500833232,3.352819921,3.354105769,3.354888827,3.355721066,3.355775185,3.356007375,3.355961552,3.356421536,3.356285017,3.356793074,3.359342444,3.360374577,3.36122,3.361698108,3.361660841,3.362589952,3.362477675,3.362542732,3.362258732,3.363673725,3.370095136,3.370744211,3.371845,3.374110161,3.373616628,3.373792623,3.373425258,3.375182645,3.374448424,3.375628937,165,Short circuit
12,3.511202169,3.512017177,3.512760617,3.513222026,3.513383431,3.513719884,3.514249628,3.514647271,3.515477356,3.515714313,3.513058604,3.513940274,3.514538377,3.515395217,3.515380199,3.515760807,3.516362667,3.516953234,3.517622586,3.518089454,3.514915039,3.515688549,3.516493916,3.517370852,3.517576648,3.518005825,3.51868701,3.519049558,3.519982337,3.520248671,3.33809759,3.339013884,3.33910697,3.339948436,3.339676051,3.339649208,3.339794875,3.339637404,3.33955474,3.340306713,3.333089828,3.334081651,3.334248518,3.33461413,3.334812874,3.334715779,3.334737398,3.33456221,3.334414562,3.334662861,3.327581306,3.328656197,3.328904243,3.329764777,3.329463387,3.329782341,3.32967992,3.329487012,3.32927437,3.329532082,3.504868198,3.505974119,3.504907474,3.504011923,3.502954963,3.502301506,3.50188312,3.501633599,3.500855468,3.500540737,3.509515043,3.510169185,3.510533442,3.510395507,3.510424484,3.510496546,3.510720193,3.510684531,3.511232323,3.511165988,3.513590092,3.514176603,3.514818785,3.515122423,3.51529233,3.515563142,3.516006208,3.516147997,3.516675887,3.517054906,3.508008171,3.508485509,3.508264521,3.507838203,3.50737797,3.507175674,3.507081193,3.507037841,3.506860635,3.506911896,3.345955374,3.347279669,3.347247164,3.347859228,3.348211106,3.348858848,3.348775352,3.348486619,3.34868027,3.348503626,3.354505312,3.355917985,3.355642533,3.357324367,3.356764545,3.357791724,3.357742713,3.357392074,3.357799453,3.358617527,3.371710166,3.373527841,3.372408329,3.373079548,3.373980797,3.373768794,3.373633674,3.373055956,3.373973488,3.375837195,75,80%
13,3.511373162,3.512026787,3.512109448,3.512487454,3.512304872,3.51251962,3.512542534,3.513106606,3.513403697,3.513566206,3.513428369,3.514003256,3.51419353,3.514412913,3.514279764,3.514559128,3.514928464,3.51521905,3.515635276,3.51608148,3.515483573,3.515979721,3.516088143,3.51653092,3.516452145,3.516802595,3.517097493,3.517542744,3.518090009,3.518368091,3.336323075,3.337197106,3.338252234,3.338232239,3.338693964,3.338726173,3.338748339,3.338913678,3.338708997,3.338764072,3.331041363,3.33213193,3.332793463,3.333267843,3.333777777,3.333779668,3.333162833,3.33340089,3.333142209,3.333618212,3.325759648,3.327066756,3.327830945,3.327807,3.328369975,3.328338525,3.328085096,3.328389274,3.328081498,3.328472352,3.504483916,3.505248145,3.504501142,3.503538755,3.502901481,3.502349505,3.502044579,3.5012067,3.500665182,3.500389423,3.509543534,3.510100021,3.509879876,3.510041911,3.509653705,3.509645889,3.509379809,3.509722261,3.509771073,3.50958569,3.513825148,3.514245741,3.514305821,3.51438623,3.514180188,3.514353371,3.514539535,3.514763026,3.515051929,3.515334203,3.507739598,3.508288329,3.507799831,3.507491172,3.50691551,3.506671961,3.506471021,3.506219415,3.506022737,3.505889847,3.344805973,3.346046056,3.346536567,3.347071482,3.347323999,3.347310328,3.34722081,3.34714508,3.347436434,3.348261921,3.354253382,3.355258427,3.356460806,3.356063422,3.356118809,3.356075511,3.357253819,3.356974343,3.35756936,3.357598739,3.371900704,3.372294228,3.373425417,3.374879661,3.374284501,3.374004178,3.374107606,3.37340836,3.374697763,3.374422626,141,Short circuit
14,3.505741076,3.506206361,3.506617918,3.507405303,3.507383867,3.507745308,3.508070968,3.508407421,3.508772481,3.509058779,3.507643313,3.50813008,3.508581006,3.509348718,3.509386304,3.509810421,3.510186197,3.51057273,3.510959267,3.511288534,3.509545544,3.510053791,3.510544085,3.511292133,3.511388735,3.511875539,3.512301424,3.512738034,3.513146053,3.513518289,3.344523574,3.345569353,3.345952291,3.346736125,3.346607292,3.34661084,3.346621578,3.346592943,3.346657322,3.346736127,3.339717161,3.340830737,3.341115243,3.34192415,3.341811401,3.34182391,3.341738003,3.341714743,3.3417344,3.341755926,3.335347694,3.336092105,3.336278202,3.33711215,3.337015518,3.337036978,3.336854432,3.336836536,3.3368115,3.336775718,3.503798082,3.503290764,3.502498325,3.501902635,3.501268596,3.501060122,3.500606721,3.500194303,3.499650892,3.499264952,3.50510079,3.505270414,3.505290592,3.505640431,3.505448545,3.505624819,3.505712067,3.505815127,3.506006042,3.506115766,3.508458754,3.508962453,3.509203836,3.509776764,3.509709819,3.51003265,3.510315997,3.510563169,3.510890751,3.511146843,3.504446347,3.504336007,3.503984983,3.503914934,3.503546677,3.503547585,3.503409993,3.503276571,3.503238894,3.50316383,3.353167416,3.354306919,3.354447086,3.355016239,3.354880271,3.354895604,3.355124612,3.35501756,3.355185215,3.354960117,3.362228392,3.363415882,3.363497643,3.364023998,3.363765459,3.363738271,3.36412985,3.363981928,3.364274537,3.363946225,3.377447746,3.381268635,3.380912547,3.381528591,3.380743231,3.380536506,3.381147321,3.380894973,3.38152145,3.38075937,144,80%
15,3.50788679,3.5107188,3.510997247,3.511377378,3.511080286,3.511309407,3.511635089,3.5116816,3.512089686,3.512121874,3.510069559,3.512621224,3.51298691,3.513245672,3.513186772,3.513414079,3.513813731,3.513936629,3.514387653,3.514475346,3.512053902,3.514523658,3.514795693,3.515300779,3.515293255,3.51551875,3.515794317,3.516191657,3.516685618,3.51682882,3.340765802,3.342838267,3.343593558,3.344030236,3.344141179,3.344602969,3.344309436,3.344338042,3.344241402,3.344262916,3.33555244,3.337760911,3.338430265,3.338940335,3.339002939,3.339405659,3.339094252,3.339103185,3.338951058,3.339418265,3.330339081,3.332683559,3.33326699,3.333850445,3.333864708,3.334208377,3.333879059,3.33386833,3.333660713,3.334089182,3.500615024,3.505918382,3.504986408,3.503337277,3.503170973,3.50219894,3.501290598,3.50115557,3.500722433,3.50018039,3.505838823,3.509217738,3.509160528,3.509084303,3.508665119,3.508578757,3.508529718,3.508501119,3.508605729,3.508537445,3.510422063,3.513187934,3.513282347,3.513395928,3.513308898,3.513429819,3.513587078,3.513760011,3.514059286,3.51412668,3.504081716,3.507749732,3.507615797,3.506938606,3.506295695,3.505853396,3.505910448,3.505353341,3.505185259,3.504973149,3.35145099,3.35369032,3.354425967,3.35512985,3.354983954,3.355533993,3.355259757,3.355512502,3.355414876,3.355952729,3.361918041,3.364112524,3.364976321,3.365632155,3.365395852,3.366155265,3.365751307,3.366185328,3.366081631,3.365654741,3.382716932,3.385060426,3.386241489,3.386683179,3.386063959,3.387540077,3.386410339,3.387438151,3.387093248,3.386054044,130,80%
16,3.507219235,3.511246037,3.511675191,3.511886887,3.511423231,3.51156888,3.511643696,3.511706711,3.512124037,3.512387779,3.508774397,3.512589855,3.513003979,3.513337886,3.512946903,3.513171316,3.513254011,3.51339376,3.513795365,3.514057163,3.510329562,3.514082988,3.51433277,3.514643788,3.514470577,3.514773751,3.514864325,3.515080811,3.515466691,3.515726545,3.343879722,3.344905096,3.345310216,3.345995691,3.345357893,3.345966393,3.345542934,3.346633554,3.345605944,3.345743754,3.33889497,3.340066373,3.340579669,3.341154992,3.341153647,3.341184722,3.340820354,3.341763306,3.340808517,3.34096797,3.334408692,3.335227634,3.336322164,3.336314297,3.33648226,3.336881212,3.336097765,3.336893058,3.336011099,3.336192178,3.498341376,3.506882912,3.507192875,3.506106817,3.505538718,3.504138927,3.503810775,3.503537873,3.503493974,3.503096428,3.504669049,3.510151612,3.510308641,3.510089819,3.509606524,3.509452832,3.509497753,3.50941095,3.509673648,3.509699482,3.508729804,3.513028471,3.513325336,3.513409524,3.513039182,3.513108056,3.513202744,3.513282873,3.513607763,3.513767078,3.502269534,3.509054096,3.508920949,3.508591442,3.507780156,3.507393045,3.507367596,3.507166468,3.507287377,3.507102007,3.352337985,3.353244583,3.353655471,3.35436849,3.354537419,3.355048556,3.354215555,3.354767303,3.354708534,3.354498421,3.361733264,3.362242706,3.362414722,3.363442241,3.362356568,3.36415377,3.362871965,3.363681589,3.363634502,3.363268125,3.377668717,3.379540636,3.376683647,3.381070031,3.378122591,3.379098684,3.378726709,3.380642722,3.380103036,3.379383415,162,Short circuit
17,3.507072902,3.511104345,3.511167669,3.511348819,3.511097148,3.511147304,3.5112622,3.511548152,3.511777948,3.511780848,3.508870276,3.512544416,3.512775034,3.513048786,3.512698162,3.512887547,3.513256887,3.51332626,3.513875596,3.513908777,3.510667657,3.514128494,3.514236276,3.514594209,3.514459276,3.514801813,3.515070244,3.515282177,3.515782549,3.516036707,3.342120005,3.344344546,3.344767958,3.345501768,3.345866855,3.345870435,3.346342885,3.346695165,3.346683291,3.347073123,3.337137358,3.339063515,3.339965348,3.340747171,3.34106407,3.341101554,3.341495277,3.341399695,3.341307766,3.341647142,3.332154704,3.334262588,3.334682465,3.335517137,3.335781001,3.335855775,3.336162881,3.336585611,3.33642093,3.336714441,3.499248177,3.509697473,3.50813258,3.506884503,3.506000497,3.5049238,3.503685514,3.503217116,3.50221494,3.501647058,3.504903346,3.510616269,3.510268923,3.509922099,3.509516093,3.509222952,3.508977836,3.509024394,3.508930603,3.508866645,3.508971976,3.513322727,3.513317998,3.513314168,3.513127187,3.513143,3.513093342,3.513319439,3.513452867,3.513539776,3.502885402,3.510109456,3.509470754,3.508625435,3.507916717,3.507288667,3.506996238,3.506465981,3.506467774,3.505841162,3.353331973,3.354387884,3.355401141,3.356430321,3.356590259,3.357175078,3.35743029,3.357263444,3.356919794,3.357791819,3.363353119,3.364970775,3.36496422,3.366008636,3.366119038,3.366828643,3.367084433,3.368023813,3.367581363,3.36875154,3.382426124,3.383861773,3.385794415,3.386829743,3.386673368,3.387627389,3.387771064,3.387172846,3.386324728,3.388185569,161,80%
18,3.534729293,3.510671592,3.512128201,3.513252001,3.513939164,3.514322107,3.514665691,3.515120226,3.515449502,3.515943373,3.53975417,3.512830936,3.514070402,3.515077099,3.515798863,3.516136294,3.516608717,3.517141142,3.517536721,3.518125358,3.544779042,3.514990282,3.516206814,3.517084695,3.517844532,3.518131899,3.518746042,3.519364142,3.51983266,3.520525549,3.327037119,3.332749462,3.335027116,3.335158826,3.336870301,3.337229603,3.33700271,3.337083933,3.336910718,3.337428569,3.32085033,3.327580366,3.330033792,3.330151136,3.33197597,3.33182037,3.332133448,3.332066405,3.331877436,3.33233025,3.314663551,3.322411257,3.324541114,3.325143455,3.326592209,3.32690289,3.326777265,3.327048874,3.326844168,3.326722117,3.505558654,3.50023578,3.502428654,3.503897582,3.504031161,3.50429831,3.504100885,3.50352666,3.502934202,3.50259603,3.523348664,3.507946839,3.509565081,3.510750661,3.511360945,3.511628003,3.511723907,3.511906649,3.511992013,3.512257413,3.535810412,3.512758477,3.514016575,3.515248993,3.515924774,3.516218542,3.516557318,3.516729747,3.516999996,3.51752018,3.512890137,3.505493823,3.506914826,3.508174605,3.508656474,3.50881738,3.508704762,3.508597486,3.508407672,3.508419579,3.33596834,3.341932581,3.343972245,3.344347666,3.345748781,3.34589934,3.346063211,3.354899134,3.346501278,3.346380452,3.34608108,3.351113344,3.352967576,3.353353835,3.354594492,3.355850966,3.354915397,3.368004463,3.355746918,3.355604719,3.363288482,3.367417609,3.371582808,3.369422286,3.372890262,3.372783027,3.373182349,3.395486733,3.372473831,3.374994279,47,Short circuit
19,3.532235976,3.510275292,3.511649372,3.512637664,3.513492013,3.514078665,3.51477554,3.515606331,3.516354369,3.517315054,3.538367317,3.512616061,3.513633757,3.514551154,3.515668359,3.516063012,3.516852416,3.517813123,3.518590702,3.519689192,3.543987697,3.514744025,3.515618134,3.516464638,3.517646852,3.518047357,3.518929291,3.520019911,3.520827032,3.522063328,3.334317437,3.338955522,3.340439854,3.340601233,3.341471359,3.342258794,3.342156456,3.342187932,3.341829637,3.342593504,3.32817538,3.333116809,3.334881066,3.335465135,3.336461254,3.336660258,3.336975071,3.336927834,3.336510483,3.337101087,3.322033337,3.327808858,3.329827613,3.330329038,3.331451156,3.331570706,3.33179369,3.331667734,3.331191328,3.331608658,3.506829687,3.500606307,3.500998239,3.502436216,3.50186682,3.501400968,3.500885709,3.500411434,3.499429932,3.499164845,3.522027639,3.50738556,3.508691549,3.509422387,3.50998998,3.510182009,3.510478677,3.510915981,3.511145932,3.511635831,3.535118956,3.51247305,3.513531659,3.514290863,3.515060138,3.515462394,3.516065033,3.516574172,3.517149004,3.517980038,3.512113607,3.504658323,3.506047779,3.506535515,3.50676562,3.506611611,3.506559445,3.506636937,3.506329088,3.5064211,3.341850312,3.345922142,3.348206273,3.350603006,3.349767014,3.34966178,3.35058619,3.350586882,3.350333504,3.350655173,3.351549255,3.35558633,3.357907356,3.360251348,3.358412577,3.359314695,3.359618712,3.359694464,3.359489408,3.3601034,3.368067258,3.371250891,3.374022156,3.378094146,3.373558535,3.37538118,3.3757794,3.375944911,3.375680753,3.377339617,33,80%
20,3.530937459,3.510874154,3.511469079,3.512095594,3.512867858,3.5134156,3.514014458,3.514715839,3.515212254,3.516004257,3.536758403,3.513466779,3.513925785,3.514601542,3.515627861,3.515895904,3.516630738,3.517377386,3.518013724,3.518941648,3.542050183,3.516059399,3.516382481,3.517107487,3.518136955,3.518376207,3.519247011,3.520038938,3.520815182,3.521879031,3.330761267,3.335846946,3.33802301,3.338598252,3.339390227,3.339626603,3.339453269,3.339256282,3.339090749,3.339118337,3.324395944,3.330417546,3.332419502,3.332796629,3.334212822,3.334472873,3.334228607,3.334027683,3.334301581,3.334220728,3.318030602,3.324445198,3.327325431,3.327522428,3.329035426,3.329319144,3.329003953,3.32879908,3.328980309,3.328778932,3.504876836,3.497192487,3.498301728,3.497338722,3.496645448,3.49597946,3.495464634,3.495165203,3.49452784,3.494359372,3.520649979,3.506983218,3.507531989,3.507753973,3.508308909,3.508499383,3.508806348,3.509118166,3.509301696,3.509771369,3.533647057,3.51292949,3.513390921,3.514119027,3.514876982,3.514900251,3.515518449,3.51604156,3.516584069,3.517317274,3.511760244,3.503464065,3.503853528,3.503632623,3.503873153,3.503699366,3.503678269,3.50364745,3.503486213,3.503632331,3.334588816,3.340485407,3.342959706,3.341374399,3.344409788,3.344923091,3.344727824,3.345035798,3.345240139,3.345121206,3.342677159,3.348077384,3.351436416,3.348922873,3.351968599,3.352640918,3.352384546,3.352907096,3.352362544,3.352333095,3.354056365,3.361361079,3.364473964,3.359059194,3.364133733,3.365377502,3.364657892,3.365751611,3.36494684,3.365046769,59,80%
21,3.525722676,3.509669257,3.511454668,3.512257055,3.512821628,3.512533999,3.51252613,3.512687658,3.512786198,3.513408778,3.529330762,3.511602071,3.513173283,3.514169982,3.51471194,3.514528048,3.51454495,3.514899553,3.515008404,3.515787122,3.532638173,3.513534881,3.515063764,3.516082899,3.5164304,3.516340819,3.516380246,3.51691036,3.517028592,3.517949255,3.329712823,3.336065186,3.338135718,3.338608548,3.339808226,3.340503546,3.340575199,3.34046054,3.340302967,3.340195458,3.323469191,3.330923664,3.332817887,3.333416126,3.334762759,3.335558269,3.335449025,3.335943036,3.335716007,3.335569618,3.317225551,3.325267981,3.327500061,3.328223686,3.330175964,3.330612985,3.330322831,3.330973769,3.330670356,3.330481198,3.499533423,3.505037843,3.507786773,3.507209436,3.505311153,3.504156241,3.503203575,3.502367344,3.501744915,3.501471419,3.518607673,3.508334312,3.51051805,3.510951973,3.510857652,3.510337322,3.510133334,3.509933661,3.509845912,3.510113705,3.527459037,3.512410421,3.514089694,3.514648677,3.515012836,3.514727864,3.514730648,3.514907722,3.514956368,3.515247882,3.512515042,3.507154195,3.509558852,3.509615572,3.509143162,3.508422615,3.508023667,3.50753417,3.507271124,3.507254237,3.33558381,3.341060495,3.342744151,3.343880184,3.344868489,3.345431544,3.345392652,3.345987115,3.345828337,3.346424346,3.344251984,3.348416238,3.35047833,3.351828532,3.352379195,3.352867015,3.352967959,3.352813623,3.352715295,3.35363517,3.357257885,3.361393002,3.363189508,3.365460567,3.363293118,3.365318234,3.365494411,3.365174954,3.365116671,3.366941766,102,80%
22,3.534472684,3.511274004,3.512444352,3.51324387,3.513745374,3.513928068,3.514468995,3.514515531,3.514898842,3.515214075,3.53794683,3.513411691,3.514399897,3.515069755,3.515587659,3.515824078,3.516287543,3.516394516,3.516779174,3.517263273,3.54142099,3.515549375,3.516177677,3.517078233,3.517614174,3.517909693,3.518287945,3.518461395,3.518847539,3.519517397,3.33012793,3.334517542,3.335888166,3.336522187,3.337621903,3.33761833,3.337915656,3.338062503,3.337786654,3.337754451,3.324061626,3.329501361,3.331263138,3.331702193,3.332955642,3.332983775,3.333276493,3.333407861,3.333203302,3.333145188,3.317995314,3.324485186,3.326175659,3.326400209,3.327822756,3.327885771,3.328173421,3.328287747,3.328161622,3.328074982,3.473273876,3.505749422,3.507175672,3.506438902,3.506316414,3.506129142,3.505463779,3.505010332,3.504338105,3.504260287,3.520379577,3.509729328,3.511014871,3.511467774,3.511789903,3.511870656,3.51211841,3.512015629,3.512022322,3.512195998,3.532437515,3.513840092,3.514863007,3.515300504,3.515773362,3.515904217,3.516475266,3.516582011,3.51672046,3.517141304,3.506171933,3.508328495,3.509659013,3.509609054,3.509765804,3.50973924,3.509648971,3.50939573,3.509027703,3.509083174,3.334789785,3.339284296,3.340573665,3.341214733,3.3420639,3.342808482,3.342402309,3.342807895,3.343054352,3.342988816,3.343188997,3.346539262,3.347350812,3.348152763,3.348725589,3.349722979,3.349022544,3.349534614,3.349891684,3.349871284,3.356256239,3.35810015,3.359658003,3.360510579,3.360495126,3.362306009,3.360666035,3.361455664,3.362242011,3.362363758,112,Short circuit
23,3.529611508,3.508343912,3.510211611,3.511212444,3.511740446,3.511582852,3.511626147,3.511728596,3.512079998,3.512303876,3.532312227,3.509961404,3.511818859,3.512764531,3.513381823,3.513310525,3.513419343,3.513533795,3.513736452,3.514181146,3.535012942,3.511578894,3.51328,3.514175522,3.514873982,3.514881133,3.515049523,3.515174889,3.515558552,3.515887759,3.333853437,3.339102575,3.341233561,3.341257183,3.34253382,3.342802846,3.343231268,3.343751359,3.34359772,3.343873867,3.327647537,3.334066211,3.336000694,3.336158289,3.337618045,3.338413624,3.338361078,3.338717564,3.338554355,3.338859002,3.321441592,3.32852621,3.331243535,3.331522927,3.333149153,3.333585478,3.333933633,3.334141406,3.333969489,3.333844142,3.496496838,3.50853062,3.51047052,3.509514958,3.507943902,3.50705041,3.506023897,3.50531448,3.506118084,3.504752043,3.522196648,3.508367717,3.510366029,3.510945349,3.510878933,3.510388595,3.510187629,3.510069818,3.510343494,3.510295848,3.529962687,3.51141029,3.512971478,3.513659218,3.513941505,3.513687861,3.513868633,3.513909271,3.514088507,3.51443953,3.515319267,3.508389849,3.510507167,3.510708713,3.510120123,3.509347557,3.508911571,3.508603397,3.508628955,3.508524249,3.339471575,3.342473773,3.346520974,3.347309341,3.348567722,3.348729618,3.348916927,3.349376976,3.349069608,3.349146807,3.348366641,3.34896851,3.354445337,3.355422327,3.356458005,3.355568582,3.356573637,3.357179288,3.356788155,3.356882869,3.362498985,3.359328747,3.366234249,3.367843527,3.368570945,3.368169473,3.368149801,3.368876312,3.36823837,3.370183192,143,Short circuit
24,3.492108445,3.491606296,3.492259426,3.492817303,3.493339162,3.493985752,3.494497698,3.495035968,3.495643116,3.496174813,3.494797183,3.494331988,3.494865314,3.495369062,3.49590571,3.49652435,3.496965767,3.497530289,3.498117741,3.4986117,3.497279093,3.497057675,3.497471193,3.497920813,3.498472255,3.499062938,3.499433835,3.500024613,3.50059237,3.501048584,3.362623747,3.36228903,3.362436752,3.362344845,3.362282476,3.362233206,3.362157742,3.362184028,3.362830501,3.362807552,3.358819922,3.358565597,3.358751055,3.358642739,3.358624698,3.358495025,3.358412974,3.358370339,3.358946291,3.358923305,3.355016093,3.354842166,3.35506535,3.35494063,3.354966904,3.354756832,3.35466822,3.354556659,3.355062069,3.355039059,3.436458471,3.480385044,3.480826209,3.481267277,3.481621754,3.482039219,3.482456684,3.482858373,3.483307389,3.48385082,3.480217422,3.487974122,3.488597974,3.489133592,3.489640835,3.490248954,3.490726265,3.491219355,3.491795913,3.492318945,3.490209815,3.493857087,3.494333726,3.494824824,3.49530948,3.495919535,3.496351955,3.496827759,3.497391967,3.497886303,3.469241154,3.484621367,3.485218196,3.485733258,3.486227012,3.486799617,3.487244949,3.487696335,3.488244681,3.488759699,3.370277518,3.370012242,3.371332843,3.370037973,3.370850423,3.371105219,3.370735891,3.371173398,3.371668998,3.372012066,3.377908211,3.377293855,3.379141207,3.377284652,3.378474459,3.3789524,3.378448372,3.379149424,3.379972428,3.380498554,3.39319263,3.391144363,3.394560646,3.391075097,3.393420841,3.394385423,3.393485777,3.394809683,3.397114313,3.398189488,225,80%
25,3.490796905,3.489736856,3.490521211,3.491348248,3.491811036,3.492411615,3.492966274,3.493415875,3.493963959,3.494498889,3.493607862,3.49281854,3.493529101,3.494356136,3.494876326,3.495437538,3.496002029,3.496495945,3.497104747,3.49759866,3.496418814,3.495900233,3.496536989,3.497364024,3.497941615,3.498463453,3.499037783,3.499576011,3.500245531,3.500698427,3.366071185,3.3663731,3.36624841,3.366284509,3.366120441,3.36617949,3.365893959,3.366100726,3.366048234,3.366074486,3.36184902,3.362129613,3.362083684,3.36206235,3.36190153,3.361844088,3.36159139,3.361771888,3.361681641,3.361729221,3.357626858,3.357886134,3.35791896,3.357840198,3.357682624,3.357508694,3.357288822,3.357443054,3.357315045,3.357383965,3.431042017,3.476842245,3.477267607,3.47762204,3.477874051,3.478126154,3.478449002,3.478732575,3.479071329,3.479307547,3.477515722,3.485376682,3.486072437,3.486750141,3.487153826,3.487634638,3.488121999,3.488509244,3.488976944,3.489418347,3.488317546,3.492167006,3.492808639,3.493534757,3.49403113,3.494540665,3.49507972,3.495498163,3.496074953,3.496518837,3.465256216,3.481016531,3.48162369,3.482152067,3.48249664,3.482857697,3.483277747,3.483602631,3.483989951,3.484337838,3.372680744,3.372356603,3.372991885,3.372914431,3.373634198,3.373751143,3.36785561,3.373130402,3.373847425,3.373726789,3.380207681,3.379591821,3.380528325,3.380451534,3.381609965,3.381872348,3.37313899,3.380974071,3.382113598,3.381898191,3.394344135,3.392810427,3.394808147,3.394618464,3.397099376,3.397565084,3.380383984,3.395847374,3.398178912,3.397721793,228,80%
26,3.493792315,3.493208146,3.494228818,3.494934459,3.495636798,3.496332569,3.497179371,3.49804906,3.499007423,3.499883691,3.496593496,3.496170133,3.497123517,3.497794718,3.498437984,3.499158386,3.49996248,3.500791174,3.501588698,3.502469885,3.499394675,3.499132118,3.500018224,3.500654974,3.50123918,3.501984199,3.502745588,3.503533285,3.504169979,3.505056082,3.362994967,3.36330672,3.363224686,3.363129476,3.363152441,3.363077004,3.36306387,3.362971982,3.363008043,3.363165617,3.358772659,3.359043402,3.359018777,3.358882578,3.358890786,3.358792347,3.358738194,3.358646304,3.35867088,3.358751332,3.354550363,3.354780095,3.354812876,3.354635713,3.35462912,3.354507704,3.354412518,3.354320624,3.354333718,3.354337037,3.433272546,3.480011158,3.48051528,3.480901334,3.48118481,3.481877984,3.482649933,3.483744831,3.485068053,3.486517344,3.480442143,3.48887572,3.489750354,3.490378895,3.490946665,3.491668689,3.492489228,3.493422924,3.494519104,3.495567698,3.491228832,3.495520201,3.496345599,3.496952789,3.497518934,3.498231951,3.498994212,3.499804035,3.500691795,3.501608276,3.468118953,3.484543332,3.485271918,3.485823364,3.486256546,3.487004842,3.4877991,3.488796825,3.490030807,3.491251725,3.369622168,3.370916167,3.370778557,3.371188424,3.371364583,3.371841448,3.37147391,3.370890047,3.371483649,3.370952728,3.377158079,3.3789842,3.37876139,3.379464828,3.379732293,3.380508324,3.380004589,3.379174729,3.380058595,3.379260529,3.39132114,3.394661594,3.394298004,3.395800115,3.396312136,3.397939554,3.396945243,3.395377379,3.397109065,3.395355327,224,80%
27,3.493017673,3.491918285,3.492929024,3.49376255,3.494950512,3.495833277,3.497293551,3.498251778,3.499443036,3.500204385,3.495803729,3.495024339,3.495916937,3.496758665,3.497920348,3.498716165,3.500015655,3.501067405,3.502046986,3.502878876,3.498589793,3.498130401,3.498904846,3.499754787,3.500890194,3.501599054,3.50273776,3.503883026,3.504650931,3.505553364,3.363758465,3.363758482,3.36372892,3.363715844,3.363630472,3.363617407,3.363161204,3.363643629,3.363594406,3.363627176,3.359510445,3.35953013,3.35954488,3.359487476,3.35939555,3.359293884,3.358863946,3.359298775,3.35922987,3.359242975,3.355262421,3.35530178,3.355360844,3.355259121,3.355160633,3.354970336,3.354566692,3.354953925,3.354865336,3.354858763,3.432064059,3.478395429,3.478899467,3.47955317,3.480427439,3.481356739,3.482687719,3.484184161,3.486003499,3.487980319,3.479494262,3.487396072,3.488283749,3.489076259,3.490180555,3.491138762,3.492520274,3.493672138,3.495047154,3.496228523,3.490349185,3.494221889,3.495088242,3.495902075,3.496929233,3.497811168,3.498979376,3.500111556,3.501138719,3.50213632,3.467011161,3.482873878,3.483638496,3.484389991,3.485410619,3.486444278,3.487747031,3.48909252,3.490651301,3.492252684,3.370828044,3.371320488,3.371459154,3.372258786,3.372773632,3.371358583,3.365409895,3.371607348,3.372139963,3.371924506,3.378610828,3.379329837,3.379508288,3.380758621,3.381580122,3.379552636,3.370831492,3.379934034,3.38077727,3.380457345,3.393463114,3.394901156,3.395287538,3.397801306,3.399529682,3.395487778,3.378501753,3.39622431,3.397960101,3.397287473,242,80%
28,3.494689662,3.493367055,3.49479141,3.496688423,3.498250584,3.499615869,3.500803928,3.501575171,3.502431769,3.502937177,3.497182322,3.496201008,3.497553162,3.499233543,3.500595518,3.501921428,3.502933889,3.503655915,3.504412423,3.504779983,3.499674978,3.499034962,3.500314911,3.501778663,3.502940455,3.504226984,3.505063854,3.50573665,3.506393075,3.506622791,3.365145144,3.365305937,3.365286246,3.365365006,3.365345338,3.36532235,3.365328968,3.365384695,3.365397873,3.36542408,3.360982006,3.361169061,3.361223214,3.361205154,3.361192043,3.361192033,3.361121518,3.361185463,3.361128041,3.361144458,3.356818874,3.357032183,3.35716019,3.357045293,3.357038768,3.357061726,3.356914064,3.356986241,3.356858212,3.356864831,3.435284928,3.480549785,3.481723388,3.483810733,3.486181499,3.488402759,3.490553096,3.49264822,3.494192067,3.495302674,3.481665957,3.489169306,3.490514894,3.492567765,3.494438426,3.496043313,3.497561214,3.498734481,3.499756822,3.500452587,3.490300455,3.493921283,3.495222145,3.49721803,3.499010637,3.500770326,3.501969129,3.502810591,3.503414315,3.503702203,3.469644152,3.484971568,3.486238385,3.488447133,3.490626289,3.49247078,3.494318524,3.495893819,3.497081897,3.497968003,3.374522113,3.373868439,3.37472749,3.374250105,3.374410979,3.374635462,3.374612324,3.374472121,3.375107748,3.374794288,3.383373718,3.382286551,3.383511136,3.382852472,3.383097111,3.383422311,3.383461404,3.383215063,3.384232494,3.383758978,3.40160219,3.399267111,3.401735948,3.400339851,3.400848825,3.401522119,3.40159368,3.401045349,3.403066993,3.402093765,225,80%
29,3.492833275,3.492039264,3.493623989,3.49571071,3.497613649,3.499359131,3.500461539,3.501117707,3.501675505,3.501977284,3.495384229,3.494921616,3.496343901,3.498287886,3.500071087,3.501698457,3.502676172,3.503220806,3.503735941,3.503975419,3.497935177,3.497803967,3.49906381,3.500865062,3.502528527,3.50403778,3.504890801,3.505323905,3.505796372,3.505973556,3.366460422,3.365567983,3.365545012,3.365335026,3.365315341,3.366066678,3.366050288,3.366083086,3.366030573,3.36608309,3.362239447,3.361465133,3.361427423,3.361197742,3.361138666,3.361798134,3.361753886,3.361758787,3.361699722,3.361730892,3.358018473,3.35736229,3.357309823,3.357060454,3.356961986,3.357529593,3.357457441,3.357434473,3.357368869,3.357378698,3.432571219,3.478500032,3.479578788,3.481956852,3.484358467,3.48739797,3.490138261,3.492272163,3.493571501,3.494366782,3.479574934,3.48750404,3.488935603,3.491197112,3.493320011,3.495453959,3.497022519,3.49811546,3.498883236,3.4992966,3.490300455,3.493921283,3.495222145,3.49721803,3.499010637,3.500770326,3.501969129,3.502810591,3.503414315,3.503702203,3.467336536,3.483317689,3.48460788,3.487030733,3.489356666,3.491849205,3.493848054,3.495113228,3.496090985,3.496615933,3.374409419,3.374493829,3.373638054,3.37443144,3.374026372,3.375048981,3.374675794,3.375153398,3.37524418,3.374485622,3.382604881,3.382716966,3.381475572,3.38276948,3.38221725,3.383808641,3.383284866,3.384012794,3.384181815,3.383039092,3.39874928,3.398546742,3.396180656,3.398862725,3.39781895,3.401550439,3.400519375,3.401942342,3.402332991,3.39999509,211,80%
30,3.504509051,3.495411569,3.49639613,3.496933222,3.497549014,3.497609875,3.497949968,3.498229244,3.49859086,3.499016913,3.511016182,3.496540715,3.497439797,3.498001943,3.498601766,3.498798499,3.499151145,3.499505609,3.499758028,3.50029685,3.517523307,3.497782779,3.498483463,3.499070666,3.499759792,3.499987126,3.500352317,3.50078197,3.500925195,3.501576792,3.357868542,3.360227867,3.360556936,3.3611194,3.361344967,3.361466712,3.361677903,3.361602697,3.361452384,3.361864133,3.35462907,3.356941214,3.357370844,3.357884615,3.358120934,3.358231934,3.358443125,3.358376904,3.358061864,3.358407385,3.351065637,3.353654557,3.354474395,3.354649827,3.354896913,3.354997157,3.355208354,3.355151113,3.354671346,3.354950623,3.488318147,3.494824064,3.497057986,3.497404809,3.497125291,3.496764172,3.496384583,3.496035636,3.495556966,3.495392586,3.497538982,3.495283751,3.496629425,3.497124305,3.497444544,3.497389454,3.497512301,3.497593257,3.49772173,3.497984406,3.496479037,3.502064102,3.502707655,3.50337468,3.503822364,3.503602754,3.503534764,3.503504708,3.503590621,3.5037513,3.490548516,3.495153157,3.496867013,3.497317248,3.497347452,3.497175528,3.497088725,3.496975668,3.496874226,3.49697124,3.364903516,3.366800141,3.367777065,3.36810846,3.368684292,3.368864258,3.368784741,3.368551592,3.368529231,3.368998651,3.371281951,3.373413202,3.374484755,3.374754378,3.375410515,3.375573973,3.375361311,3.375011287,3.375179977,3.375938166,3.385078254,3.386761125,3.386272847,3.388055551,3.388808792,3.388798857,3.388217296,3.387490469,3.387847778,3.389677718,193,Short circuit
31,3.511193477,3.499365157,3.499778708,3.500228015,3.500582478,3.50089756,3.501155332,3.501828475,3.502404884,3.502659126,3.516942397,3.501606619,3.501890658,3.502361754,3.502693954,3.503034715,3.503265891,3.503976521,3.504529582,3.504870365,3.523213931,3.503661293,3.50400261,3.504317682,3.504629475,3.504993775,3.505200565,3.505945564,3.506477218,3.506897332,3.35109113,3.353168689,3.353818497,3.354314048,3.354307492,3.354589765,3.354511001,3.354189338,3.354048269,3.353667498,3.347279728,3.349584585,3.350334571,3.350814031,3.350824293,3.350724996,3.350617135,3.350298524,3.350116402,3.350064002,3.343121833,3.345674647,3.346533908,3.34699583,3.34702444,3.347182293,3.347047749,3.34640771,3.346184532,3.346132927,3.488029592,3.493322547,3.494901439,3.49521744,3.49508142,3.494667125,3.494469728,3.494336874,3.494429799,3.49445329,3.502205412,3.497456646,3.498224443,3.498635462,3.498876915,3.498988474,3.49913439,3.499535151,3.499972367,3.500182583,3.496479037,3.502064102,3.502707655,3.50337468,3.503822364,3.503602754,3.503534764,3.503504708,3.503590621,3.5037513,3.492918678,3.49570359,3.496616353,3.497238094,3.497381102,3.497305633,3.4973512,3.497508872,3.497817617,3.497987907,3.358382654,3.360750271,3.361351168,3.36174321,3.362055587,3.361949653,3.361945583,3.361449823,3.361237961,3.36161608,3.365554673,3.367718452,3.368160678,3.36848651,3.36886764,3.369478656,3.36949754,3.368958961,3.368780506,3.368677548,3.380771329,3.38251682,3.382580335,3.382592381,3.383104988,3.382542448,3.382506188,3.383681852,3.383574861,3.383540267,124,Short circuit
32,3.494907832,3.500086236,3.500791463,3.501460576,3.501847548,3.501596992,3.501586242,3.501550436,3.501836798,3.502008635,3.496065592,3.501263871,3.501919173,3.502595267,3.503105889,3.502919762,3.502912585,3.50293763,3.503161375,3.503420942,3.497223352,3.502334443,3.503046882,3.503626803,3.50436423,3.504242529,3.50423893,3.504324825,3.504485954,3.504833244,3.356399132,3.356824467,3.356989832,3.356251649,3.356437814,3.356548783,3.357237933,3.357404334,3.358084549,3.358277902,3.352903381,3.353370323,3.353585953,3.353171542,3.353355318,3.353096515,3.353865381,3.353955064,3.354597716,3.354792848,3.34972542,3.350230194,3.350491525,3.349783422,3.34996457,3.349958095,3.350799431,3.350505807,3.35111089,3.351307803,3.488810668,3.500050564,3.500648471,3.500796628,3.500618384,3.499879231,3.499293363,3.498913849,3.498453219,3.497902699,3.493462462,3.500016097,3.500702917,3.501240458,3.501469002,3.501115851,3.500924848,3.500796448,3.500839644,3.500787012,3.496479037,3.502064102,3.502707655,3.50337468,3.503822364,3.503602754,3.503534764,3.503504708,3.503590621,3.5037513,3.492077761,3.499953764,3.500613587,3.501051961,3.501098331,3.500642259,3.500271806,3.500051481,3.499848054,3.499573288,3.36403,3.364454684,3.365085447,3.364138527,3.36486845,3.364451257,3.365180912,3.365230233,3.36571929,3.365885527,3.371542321,3.371796743,3.372526802,3.370527337,3.37143144,3.371740113,3.372425017,3.372328693,3.37297119,3.37311402,3.385377271,3.385033203,3.385951806,3.384219104,3.385517212,3.384535571,3.385254131,3.386220588,3.387646091,3.387706327,200,80%
33,3.498838027,3.503429454,3.503951312,3.504420598,3.504427196,3.504502694,3.504857162,3.504855611,3.50523452,3.505661206,3.500337579,3.504828993,3.505361536,3.505935223,3.506030412,3.5062864,3.506624459,3.50678447,3.507100315,3.507572134,3.501973456,3.506355763,3.506899963,3.507449846,3.507633627,3.508070109,3.508391758,3.50855259,3.508966108,3.509323816,3.359338202,3.359953992,3.360333532,3.360363362,3.360497914,3.361075542,3.36082284,3.360934417,3.360639062,3.360816244,3.355686318,3.355861104,3.35620186,3.356595703,3.356679586,3.356815597,3.356562895,3.356689231,3.356734415,3.356449659,3.352034418,3.352109292,3.352414506,3.352485527,3.352514153,3.35255565,3.352302932,3.352444052,3.352474797,3.352083065,3.487898816,3.498851993,3.499426346,3.498737826,3.497624987,3.496796807,3.496218482,3.49507982,3.49505415,3.494751463,3.496032457,3.502065449,3.502551437,3.502682046,3.502412205,3.502225076,3.502318027,3.50200877,3.502266942,3.502432009,3.499939528,3.505198329,3.505675768,3.505957571,3.506108684,3.506168931,3.506433589,3.506417512,3.506741898,3.507006064,3.493112163,3.500678411,3.5011881,3.500990629,3.500438694,3.499988773,3.499825168,3.499558539,3.499293683,3.49966112,3.369930825,3.369428235,3.369845608,3.370135438,3.369872956,3.369387095,3.370192732,3.369582004,3.37006993,3.36934263,3.378352984,3.378223115,3.378691054,3.378065739,3.377627424,3.37782161,3.379038927,3.378115444,3.377954765,3.377800765,3.395256358,3.39413384,3.394657099,3.395084654,3.393909974,3.394642656,3.396857534,3.395154493,3.394516034,3.394122879,196,80%
34,3.501323403,3.498868743,3.500479996,3.501339813,3.501986304,3.502534308,3.503200451,3.503728808,3.50428339,3.504391669,3.503772126,3.501475993,3.502745173,3.503537906,3.504283407,3.504635395,3.505476268,3.506014454,3.506371505,3.506731467,3.506032486,3.504083236,3.505216273,3.505935821,3.506580513,3.506927491,3.507752082,3.508300104,3.508649436,3.509071269,3.35458697,3.355256448,3.355423175,3.355421066,3.355542857,3.355337875,3.355764489,3.355419894,3.355557736,3.355246006,3.350016968,3.350987758,3.351089807,3.351145239,3.351309647,3.351391802,3.351403235,3.351381538,3.351109521,3.351193233,3.345827799,3.347074788,3.346756437,3.347225726,3.347429197,3.347087018,3.347041982,3.346976064,3.346661307,3.346772021,3.440684958,3.487579503,3.490079401,3.491224939,3.491836056,3.492273395,3.492340571,3.491990833,3.492327035,3.491567994,3.487156701,3.495568877,3.497246526,3.498209009,3.499012992,3.499506217,3.500036658,3.500367534,3.500730314,3.500709561,3.498134998,3.501321831,3.502485621,3.503303085,3.503935735,3.504449153,3.505032037,3.50543753,3.50587948,3.506009269,3.473716801,3.492226651,3.494142524,3.495195681,3.49606606,3.496526123,3.496895296,3.496989952,3.497244306,3.497008232,3.36317357,3.363601911,3.363311758,3.364273549,3.363690964,3.365592295,3.364728632,3.365137496,3.364367607,3.364571148,3.372040656,3.371966969,3.371585536,3.372941163,3.371950778,3.373994367,3.373640272,3.373443415,3.373318368,3.372676968,3.387431469,3.386430649,3.387732765,3.38823397,3.386246426,3.392304109,3.391794378,3.391388806,3.391474996,3.389886678,131,80%
35,3.494039853,3.493353905,3.494537245,3.495421549,3.495953241,3.496137022,3.496593217,3.497160953,3.497469484,3.4979585,3.496435667,3.495623572,3.496854769,3.497469479,3.498073931,3.498157825,3.49883643,3.499159503,3.499496864,3.500015678,3.49883149,3.498099565,3.498979171,3.499703582,3.500387409,3.500362331,3.50107964,3.501339737,3.501708551,3.502259883,3.358423751,3.359168765,3.359041062,3.359119812,3.359171988,3.35876179,3.358581224,3.358958699,3.358981669,3.358748652,3.354879228,3.355716133,3.355621379,3.355677901,3.356015191,3.355587132,3.355412458,3.355421041,3.355468345,3.355486115,3.351334711,3.352263524,3.35248667,3.352522808,3.352571421,3.35212387,3.35195563,3.352178195,3.351955015,3.351926979,3.415886533,3.483266789,3.484742199,3.485399486,3.485630883,3.485655198,3.485765434,3.485857151,3.485655439,3.485507972,3.477874351,3.490273331,3.491330107,3.492393984,3.492872621,3.493138994,3.493531357,3.493954462,3.494116124,3.494429859,3.489438366,3.495362334,3.496460319,3.497150628,3.497716713,3.497888892,3.498336715,3.49873806,3.499026583,3.499419481,3.462930563,3.487222984,3.488533187,3.489448806,3.489852656,3.490150242,3.490455152,3.490750248,3.490760994,3.49089307,3.369907536,3.371368886,3.371425975,3.372121443,3.372010819,3.372390003,3.371760778,3.372629423,3.371249573,3.373182536,3.379256066,3.380985191,3.381130776,3.382185588,3.380920998,3.381603448,3.380732937,3.383139754,3.381034153,3.382959485,3.400368888,3.403093876,3.400697336,3.402699432,3.402672124,3.404078221,3.402376993,3.404677704,3.40372348,3.407344056,154,80%
36,3.489730398,3.489234566,3.490380546,3.490695754,3.491569221,3.491877855,3.492346786,3.492807052,3.493184685,3.493421059,3.491955002,3.491341467,3.492388218,3.492626329,3.493455523,3.493727881,3.49438404,3.494647844,3.495028187,3.495233734,3.494179607,3.493639903,3.494578404,3.494732418,3.495513307,3.495746091,3.496251523,3.496655984,3.497039277,3.497211198,3.363909289,3.364391403,3.36460483,3.364535808,3.364312552,3.364516157,3.364447218,3.36415644,3.364394666,3.364414346,3.360756796,3.361493471,3.361697322,3.361623623,3.361344385,3.361572246,3.361471157,3.360917828,3.361387239,3.361128545,3.357867003,3.358332092,3.358525493,3.358446705,3.358106376,3.358360719,3.358224544,3.357949099,3.358106377,3.358116565,3.406197494,3.480224168,3.480881001,3.481266386,3.482195429,3.483687521,3.48381864,3.483266207,3.48328162,3.482996504,3.471682236,3.486400633,3.487674042,3.488154511,3.489079388,3.489439894,3.489790204,3.490237229,3.490535163,3.49066406,3.48414922,3.491205775,3.492204177,3.492546103,3.493386342,3.493695432,3.494008542,3.494278475,3.494621837,3.494967374,3.453765502,3.48344426,3.484942007,3.485544733,3.486519307,3.486903882,3.487517186,3.487650452,3.487871879,3.487875891,3.37247744,3.373071449,3.373862588,3.374308492,3.37303197,3.373994701,3.37450825,3.373848456,3.374074746,3.375548722,3.380088327,3.379973801,3.381038431,3.381616032,3.379922755,3.381287101,3.382094011,3.382004694,3.381526296,3.384623549,3.394874681,3.396248507,3.398170818,3.398873512,3.395762387,3.39866228,3.400329275,3.397847805,3.399291063,3.40306985,213,Short circuit
37,3.491581896,3.491046728,3.491856274,3.492207356,3.492590667,3.492952455,3.49308855,3.4933859,3.493787118,3.494041465,3.493784418,3.493432497,3.494173995,3.49447669,3.494902978,3.495307772,3.495433125,3.495757353,3.496183648,3.496493493,3.496187167,3.49581825,3.496491712,3.496746019,3.497215289,3.497663086,3.4977777,3.498128806,3.498580174,3.498945519,3.362090045,3.362784995,3.362666803,3.363096693,3.363071614,3.363064419,3.362762033,3.362845899,3.362910405,3.362630933,3.358771109,3.359207751,3.359426673,3.359804619,3.359743687,3.359732947,3.359420218,3.359446362,3.359444589,3.359150815,3.355452167,3.35592862,3.356186541,3.356512525,3.356415766,3.356401466,3.355774579,3.356046827,3.355978772,3.355670692,3.405617481,3.479840965,3.480909233,3.481118053,3.4808644,3.480795184,3.480639834,3.480289858,3.480271724,3.480004373,3.473665947,3.487779519,3.488488544,3.488802897,3.489110471,3.489295031,3.489356837,3.489509164,3.489773049,3.489892157,3.486034549,3.493219821,3.493609732,3.493841463,3.494275293,3.494581941,3.494677126,3.494922643,3.495297793,3.495535732,3.455490449,3.484648806,3.485397211,3.485705758,3.485887075,3.485926302,3.48590991,3.4859035,3.486042149,3.486010977,3.370662135,3.370800624,3.371836682,3.373531801,3.372145965,3.367371251,3.373462107,3.373016824,3.372957157,3.373389259,3.378084371,3.378808368,3.379386814,3.38192681,3.37988574,3.372753954,3.381892536,3.381279498,3.381320614,3.382066311,3.393328101,3.394425008,3.394971784,3.400256589,3.396172372,3.382089089,3.402614305,3.398771748,3.399193434,3.400718292,183,Short circuit
38,3.495118526,3.494276862,3.497640789,3.499705077,3.501300017,3.502340356,3.503006557,3.503065665,3.503355485,3.503587464,3.497360267,3.496449473,3.49925052,3.501012885,3.502330512,3.503384924,3.504060039,3.504174916,3.504386825,3.504801094,3.499602004,3.498622079,3.500860254,3.502320687,3.503361006,3.50434914,3.505113523,3.505284169,3.505504111,3.505921364,3.36073202,3.361595195,3.361670658,3.361654245,3.361680548,3.361650984,3.36196933,3.361821614,3.361477036,3.361562412,3.356971045,3.357955619,3.358059012,3.358021253,3.357970388,3.357926084,3.358232931,3.358062266,3.357689787,3.357711157,3.35321007,3.354316057,3.354447345,3.354388259,3.354260225,3.35420118,3.354496556,3.354302919,3.353902537,3.353859902,3.428595351,3.484602231,3.491099325,3.497319035,3.502338592,3.504183231,3.505052765,3.505125015,3.504813711,3.504001735,3.479864867,3.491267716,3.495708636,3.499025608,3.501573243,3.502770127,3.503390529,3.503463108,3.503582557,3.503545363,3.490891638,3.496121312,3.499284798,3.501605079,3.503461122,3.504438849,3.505075395,3.505176743,3.505382432,3.505615538,3.464394258,3.488379923,3.493881688,3.498389158,3.501837237,3.50319077,3.503742011,3.503826987,3.503824767,3.503504391,3.368867642,3.370120486,3.369876392,3.369904546,3.370649935,3.370410816,3.370245013,3.371038038,3.366910833,3.370942712,3.376446913,3.377790839,3.377365793,3.37740629,3.378671667,3.378257109,3.377978852,3.379140736,3.373179637,3.379171318,3.391191033,3.393063071,3.392171041,3.392150486,3.39495976,3.393836627,3.393427319,3.395397079,3.384064929,3.395536064,213,80%
39,3.497131228,3.495519335,3.497675956,3.500097891,3.501479467,3.502335722,3.502879836,3.50338612,3.503685323,3.504249215,3.499154387,3.497610241,3.499152879,3.501348208,3.502448841,3.503272428,3.50384426,3.504306644,3.504647264,3.505111313,3.501177549,3.499526898,3.500764067,3.502598524,3.503506336,3.504131077,3.504728317,3.505227169,3.505529046,3.506051779,3.360674558,3.36147652,3.361949048,3.36178827,3.362073758,3.36173904,3.36175871,3.361817779,3.361893275,3.361655492,3.356848489,3.358082978,3.358262085,3.358432242,3.358344149,3.357979872,3.358250735,3.358367176,3.358048783,3.357778176,3.353341243,3.354380932,3.354575119,3.354771118,3.354614536,3.354220708,3.354423848,3.354602879,3.35420428,3.354223967,3.435877476,3.486518765,3.49035954,3.497055528,3.501482371,3.504049448,3.505058862,3.5050291,3.504941678,3.505147149,3.483819846,3.492687567,3.495666817,3.499396509,3.501478131,3.502832612,3.503457291,3.503829349,3.503962406,3.504438014,3.493790503,3.497216201,3.499206349,3.501796623,3.503318703,3.504249374,3.504845817,3.505233132,3.505453132,3.506017415,3.470713052,3.490163475,3.493649492,3.498679638,3.501476788,3.50326702,3.503966102,3.504287233,3.50420534,3.50462633,3.369845003,3.37074888,3.371582441,3.371690248,3.371289585,3.371211145,3.370746677,3.372537193,3.369854752,3.371421792,3.378508281,3.378321542,3.380187875,3.379421429,3.379753252,3.37983156,3.378286652,3.38075573,3.377739182,3.3802274,3.395048567,3.395487026,3.398868601,3.39694843,3.397975975,3.398465277,3.395075959,3.399687451,3.393826732,3.396653956,208,80%
40,3.498852907,3.497205376,3.499689838,3.502049604,3.503322979,3.504402816,3.505049328,3.506083171,3.506775638,3.507176062,3.501263989,3.499658654,3.501816566,3.503789035,3.504945944,3.505832095,3.506547572,3.507464888,3.508162289,3.508516759,3.503489606,3.502111932,3.503943303,3.505528469,3.506568909,3.507261376,3.508045814,3.508846601,3.509548941,3.509857455,3.357487478,3.358685374,3.358301381,3.358321031,3.358307964,3.358124176,3.358534423,3.358654985,3.358754299,3.358560668,3.353322616,3.354671497,3.354328507,3.354356415,3.354326884,3.354146396,3.354443415,3.354516703,3.354614049,3.354410575,3.34915775,3.350657641,3.35035564,3.350391786,3.350345793,3.350168592,3.35035237,3.350723267,3.350473797,3.350260472,3.435224794,3.485631606,3.488821651,3.495224039,3.498569665,3.501603863,3.503049142,3.504251371,3.504807426,3.50479555,3.483398469,3.493642817,3.496608203,3.500016144,3.501910319,3.503483814,3.504275277,3.505335357,3.505989279,3.506273495,3.494881363,3.499261199,3.501259331,3.503894478,3.505113543,3.506414479,3.507172806,3.508057849,3.508753199,3.509036675,3.46903993,3.490168432,3.493723629,3.498064171,3.500585022,3.502566028,3.503530963,3.504623268,3.505235687,3.505409237,3.365985258,3.3679157,3.367506712,3.368552531,3.367873522,3.368215269,3.368389598,3.367416078,3.368452984,3.367953915,3.374215209,3.376532502,3.375842217,3.377344458,3.376387266,3.376993002,3.377290447,3.375787767,3.377342743,3.376574397,3.390227729,3.394328933,3.392427798,3.395196614,3.39346334,3.394862077,3.395563276,3.390366088,3.395522872,3.393689854,219,80%
41,3.49837812,3.497751274,3.499847542,3.501998086,3.503888408,3.505138815,3.505663951,3.506261289,3.506714125,3.506615698,3.500954698,3.500137223,3.501943858,3.503584241,3.505347233,3.50644668,3.506870051,3.507523181,3.507859797,3.507931748,3.503333074,3.50252318,3.503865482,3.505314588,3.506806056,3.507754543,3.50807615,3.50878507,3.509109624,3.5092478,3.356100757,3.356722835,3.356625848,3.356908083,3.357127408,3.357138136,3.357193667,3.356917977,3.357095183,3.357277738,3.35180473,3.352602108,3.352874336,3.353182548,3.353042177,3.353021625,3.35339833,3.35309869,3.352918898,3.353030143,3.347508708,3.348824774,3.348781805,3.34911834,3.349297382,3.349248151,3.349257968,3.3489322,3.349090633,3.349136546,3.432753603,3.48774687,3.491490961,3.496855079,3.502581293,3.505121222,3.506616888,3.506528405,3.50602552,3.505550204,3.483207028,3.494811192,3.497240062,3.50058821,3.503622834,3.505217245,3.505985564,3.506397757,3.506594004,3.506393146,3.494914463,3.499867813,3.501895937,3.504071953,3.506199545,3.507427953,3.507950201,3.508499663,3.508822708,3.508735196,3.468752213,3.491876619,3.494976206,3.499209716,3.503359397,3.505294639,3.506303995,3.506533078,3.506476728,3.50617169,3.362958921,3.365095895,3.365432762,3.365371924,3.365772657,3.364765814,3.366694087,3.365394129,3.362481589,3.365696271,3.370776307,3.373421945,3.372936432,3.372740936,3.374178119,3.372618982,3.374570259,3.37279607,3.369254811,3.374143382,3.385806673,3.388175103,3.388708637,3.388234981,3.389157807,3.386015279,3.391452178,3.388083009,3.379766494,3.388955521,200,80%
42,3.499752442,3.498154083,3.49992307,3.501491826,3.502571663,3.503841818,3.504422704,3.504780411,3.50508235,3.505299012,3.502115746,3.500390786,3.501752158,3.503229681,3.504133902,3.505320358,3.50581261,3.506247491,3.506479948,3.506700849,3.504297257,3.502627491,3.503747528,3.504967531,3.505696137,3.5067989,3.507202524,3.50771457,3.508004599,3.508230123,3.355712218,3.356664024,3.35670933,3.357100482,3.35689374,3.356647546,3.357139887,3.357267855,3.357045865,3.357146156,3.351567051,3.352659954,3.352692468,3.353142378,3.352940544,3.352712443,3.353142398,3.353239208,3.352966428,3.353040084,3.347421886,3.34865588,3.349010347,3.349184277,3.348987376,3.348777356,3.349144915,3.349210562,3.34922695,3.349276179,3.424601202,3.488237063,3.491498396,3.494715246,3.49799521,3.500414677,3.502177768,3.502336141,3.502329092,3.502263796,3.484618161,3.495307932,3.497435944,3.499575276,3.501348542,3.502954989,3.503823746,3.504076554,3.504231345,3.504349385,3.495859059,3.50032641,3.501722855,3.503443992,3.504666751,3.505937135,3.506579602,3.506970038,3.507100174,3.507271027,3.470588118,3.492459975,3.495062794,3.497724485,3.500149408,3.502082427,3.503238874,3.503390941,3.503423398,3.503448918,3.364716243,3.367758348,3.365846616,3.367160563,3.366143379,3.367169514,3.366714172,3.366122614,3.363592048,3.367435684,3.373308692,3.377293892,3.374335049,3.376174121,3.374648711,3.376148894,3.375451966,3.374616122,3.370850641,3.376632233,3.390683807,3.39785614,3.389480665,3.395355898,3.392105147,3.394752186,3.393569768,3.392118869,3.382761943,3.393516369,224,80%
43,3.498775352,3.494815158,3.496705141,3.497357044,3.497948587,3.498201408,3.498441059,3.498624921,3.4988482,3.499061542,3.500257377,3.49676384,3.498608773,3.499406039,3.499810265,3.500089488,3.500377251,3.500630793,3.500916854,3.501165183,3.501615901,3.498535372,3.500512404,3.501284282,3.50184118,3.502149214,3.502489478,3.502819018,3.503173567,3.503460081,3.355382371,3.356047825,3.356029944,3.356346354,3.356420343,3.356230519,3.356520316,3.356425125,3.356408717,3.356491999,3.352057573,3.352956898,3.352976624,3.353247057,3.353002078,3.353118087,3.35334466,3.353229902,3.353185392,3.352933563,3.349035026,3.349865978,3.349923306,3.349866,3.349868673,3.350005666,3.349880305,3.349744212,3.349669027,3.349671663,3.44053513,3.488045377,3.491945443,3.492837924,3.492716018,3.491950196,3.491332695,3.490790333,3.49033073,3.489942417,3.48582495,3.492946556,3.49531758,3.496124968,3.496592802,3.496592789,3.496567025,3.496542111,3.496570368,3.496599598,3.495080876,3.496902842,3.499044562,3.499890926,3.500262829,3.500427126,3.500572525,3.500720236,3.500923548,3.501085587,3.474470869,3.491187479,3.494043276,3.494974906,3.49519926,3.494929868,3.494635,3.494400001,3.4942246,3.49407139,3.363620184,3.364319074,3.363972567,3.364290587,3.364529494,3.365389796,3.364534086,3.364980998,3.364319836,3.364719118,3.371386072,3.371283325,3.370630291,3.371029422,3.372204452,3.372654055,3.37140516,3.372093673,3.37115522,3.372597924,3.386400154,3.385451516,3.383781141,3.386290311,3.38676713,3.387346903,3.386992168,3.388352597,3.386440413,3.387462806,180,Short circuit
